station_id,rows,temperature_c_mean,temperature_c_std,temperature_c_missing,pressure_hpa_mean,pressure_hpa_std,pressure_hpa_missing,wind_speed_ms_mean,wind_speed_ms_std,wind_speed_ms_missing,wind_dir_deg_mean,wind_dir_deg_std,wind_dir_deg_missing,relative_humidity_pct_mean,relative_humidity_pct_std,relative_humidity_pct_missing,cluster,pca1,pca2
A028,59320.0,-26.755510578247918,10.093543452623162,0.7792818610923803,799.559677109821,9.767474659737923,0.6486345246122724,10.692840497945669,4.127886645219218,0.7251011463250169,171.57676212112153,52.577964599625425,0.7180209035738369,68.70577740016992,9.455002336138138,0.8015846257585975,3,-2.8204574711452595,1.9535950466711751
AGO Site,5848.0,-26.418441678192714,9.252732612288089,0.25820793433652534,807.742729864576,9.507946880914945,0.04035567715458276,6.290777829529576,4.085272197628461,0.6328659370725034,118.72323759791122,140.456808035165,0.6070451436388509,69.24367468500381,11.900413577451879,1.0,3,-0.3110263723831104,0.06444990589051096
AGO-4,26296.0,-53.09926349206349,13.857252498212606,0.10157438393672041,617.4563181036131,9.200606761050244,0.005362032248250685,5.271371109462256,2.0230145227191274,0.02620170368116824,263.45165439027244,36.48271713876844,0.02422421661089139,51.72596090592989,7.2535615197052135,0.19067538789169455,2,-1.466370808951135,-4.767872782329149
AGO-5,1952.0,-59.94061561561561,8.681341456133543,0.3176229508196721,654.884418746196,8.923653070176544,0.15829918032786885,2.7142503097893433,1.0296509989853946,0.17315573770491804,241.30055658627086,41.984894807737135,0.1716188524590164,69.24367468500381,11.900413577451879,1.0,2,-1.910619300746563,-2.84959244366633
AGO-A81,2920.0,-42.197770154373934,13.190951524388431,0.401027397260274,721.4194750656169,10.068994849900578,0.3476027397260274,7.9880636604774535,2.506560546025592,0.3544520547945205,96.49072602013779,131.23643107703518,0.35376712328767124,69.24367468500381,11.900413577451879,1.0,2,-1.8301319109226528,-1.2043240032575655
AGO-A84,8520.0,-34.60500277932184,12.353512174930893,0.7888497652582159,754.5390283842795,8.661136240580335,0.7849765258215963,8.541773308957954,3.517149328071905,0.8715962441314554,79.95471014492753,33.441058355850906,0.8704225352112676,69.24367468500381,11.900413577451879,1.0,2,-4.32128604958389,1.7175455708552527
AM01,14072.0,-23.64277833821129,9.532476356276927,1.0,982.1074402053438,9.834903779388858,0.3909181353041501,7.399790968250837,3.889698633474795,0.6396389994314952,192.70925862658012,37.72476309913137,0.7919982944855031,69.24367468500381,11.900413577451879,1.0,3,-2.036966917590857,2.377488975465982
AM02,20312.0,-23.64277833821129,9.532476356276927,1.0,982.1491537106533,9.65337606809074,0.35717802284363925,5.5139521209575815,3.0996620977705387,0.4138932650649862,164.65655650730216,77.2700526608866,1.0,68.1344262295082,20.18115726253428,0.9699684915320993,3,-1.5420132267894588,2.34712147815209
AWS18,11984.0,-13.35661701620591,11.209993167123107,0.29973297730307075,980.2108625584501,11.163689000476259,0.0006675567423230974,2.9804930432346626,2.720886050527708,0.10639185580774366,164.65655650730216,77.2700526608866,1.0,83.1569957081545,13.039596816339964,0.008427903871829106,0,1.6219657901398024,-0.4252761475292971
AWS19,3368.0,-13.805639555714794,8.854998750951484,0.17131828978622327,977.5699999999999,9.45149550925803,0.002672209026128266,9.03883989145183,5.8985945837343765,0.12470308788598575,164.65655650730216,77.2700526608866,1.0,84.72420095408467,9.499645920984896,0.004156769596199525,0,1.548419857453223,-0.11428061176624867
AWS_A,2920.0,-16.579501571621016,10.505440099024357,0.23732876712328768,868.1840416341008,10.311997785696992,1.0,8.925333782872556,7.175752031186363,0.49212328767123287,129.08727206418672,73.13717830101197,0.06095890410958904,69.24367468500381,11.900413577451879,1.0,1,-0.49165296904845857,1.0425794174916685
AWS_B,2920.0,-17.432614955875522,11.248167111693482,0.26267123287671235,868.1840416341008,10.311997785696992,1.0,8.571447067783703,7.843923576962492,0.5503424657534246,128.86183393792825,78.9174749602076,0.15034246575342466,69.24367468500381,11.900413577451879,1.0,1,-0.6995354485145142,1.3160110613773557
Alessandra,101824.0,-15.664445206613525,8.789588251598614,0.1696063796354494,969.9236964892898,10.10357724971913,0.08441035512256442,2.720774099613759,2.5590871759801903,0.5143482872407291,194.39575571799105,114.1461404909598,0.16699402891263357,56.77721379310345,18.658732069060726,0.10998389377749843,0,1.8865737095280313,-0.6606590486519883
Alexander (TT!),6072.0,-21.16539847817381,9.814171432620272,0.5887681159420289,983.2041895604395,10.587875543047712,0.5204216073781291,8.120547417116423,4.103231859650204,0.5727931488801054,221.28226363008972,56.68392191113525,0.5227272727272727,75.50360576923077,10.591772507163196,0.5204216073781291,3,-0.312138023058076,1.4133210865547734
Allison,4616.0,-51.019423440453686,12.588941668735172,0.5415944540727903,688.7453113278318,10.292223630689012,0.7112218370883883,3.7797416020671832,2.3654665920135676,0.5808058925476604,83.78364389233954,93.97567796655383,0.5814558058925476,41.45378151260504,15.510383563627359,0.9742201039861352,2,-3.5502604437142233,-0.37691953085438845
AmeryG3,66936.0,-21.813673446642518,9.006173244356575,0.4638161826222063,979.4054176450855,9.561566068559783,0.10929843432532568,7.6598778451533525,4.935238054704876,0.6600035855145213,205.14992228345344,31.94042514176999,0.6828164216565077,75.48334504808764,11.460203705951297,0.12855563523365604,1,0.024510938558705384,0.8252224957941173
Apfel,4480.0,-9.733540419161676,7.267342049683913,0.4035714285714286,967.1587240042297,9.71427374795693,0.36674107142857143,6.8661622966688824,4.199626637025098,1.0,135.3666485605649,84.77800137719542,0.5890625,61.94041944709247,15.080036866295613,0.5316964285714286,3,0.2671960562087312,2.029635061513565
Arelis,93272.0,-15.882209877535093,9.009905384029027,0.06588257998113045,969.8066253385892,10.377413599310369,0.026310146667810275,9.327961221361395,7.8130868595536365,0.7412192297795694,208.49363553167973,69.26430042859931,0.09791791748863539,60.394756247439574,18.179030655303567,0.4765846127455185,1,1.6787043805590858,0.6412721588718979
Asgard,8520.0,-23.844642356241234,7.022322985047572,0.16314553990610328,801.1915248098514,10.00369507342915,0.027816901408450705,3.522862652667667,3.5912944985779958,0.45223004694835683,187.64617257647237,86.26940948195566,0.22875586854460095,69.24367468500381,11.900413577451879,1.0,0,0.6482788636057399,-0.8278778601955566
AuroraBN,21240.0,-43.560478139134176,13.404850002555435,0.3442090395480226,693.3554931877328,8.954230826927308,0.07735404896421845,5.887549259772073,2.1399574345121923,0.5579566854990584,257.0432960893855,129.2235202318172,0.5954802259887005,69.24367468500381,11.900413577451879,1.0,2,-1.9348157009832914,-0.9355280890981758
Austin,17296.0,-24.705895965388873,9.49076382368543,0.4253584643848289,833.6620488140255,9.964611472663691,0.3272432932469935,7.805550239234451,4.4628566597951025,0.4562326549491212,151.8690009055237,92.5981431989108,0.4253584643848289,77.66272719441814,6.794376944821144,0.328804347826087,3,-0.24985032767897697,-0.25038463439333175
B9Berg,7816.0,-16.735041611914152,11.28646740152631,0.41581371545547596,980.9188998327447,10.728205085922585,0.31154042988741043,11.118989205103043,6.9522435842930275,0.47850562947799385,202.05012727628744,63.18592453254108,0.34659672466734903,69.24367468500381,11.900413577451879,1.0,1,0.08400628943784744,1.2479895260660958
Backer Island,14560.0,-11.567053175106441,8.859119059428586,0.24182692307692308,973.8670695364237,11.985883949296202,0.17032967032967034,6.141785329663755,4.286627828841317,0.42603021978021977,137.2814093648586,94.32852994620306,0.25927197802197804,81.35226351071753,8.1497201111754,0.17012362637362638,0,2.1631817446949104,-0.20931477574104157
Baldrick,40912.0,-26.315737433018626,7.31616099108989,0.6168361360969886,760.6780897658283,8.562041886264112,0.09816190848650763,8.213023134910319,3.117551363707897,0.15372017989831835,83.12050127613203,41.95779956657767,0.14765838873680093,57.10973892637137,12.645695289241354,0.08342295658975361,2,-0.7078358296694462,-1.9896258151814021
Bean Peaks,1624.0,-21.487708649468896,9.129788074267315,0.18842364532019704,877.087962382445,11.02250261570684,0.017857142857142856,4.137782805429865,4.730798114231911,0.45566502463054187,224.93830334190233,95.69566342394019,0.2814039408866995,80.00256892230577,8.561958564623598,0.017241379310344827,0,1.8868846023943042,-0.9840311802531069
Bear Peninsula,32144.0,-13.843907420013615,7.252412526202648,0.26879044300647087,927.306137359961,12.619070834762164,0.23357391737182678,8.155416879795396,7.419866779670342,0.6958997013439522,114.42263575350823,87.92711100938513,0.49010701841712295,78.97955651455331,15.751161438409166,0.3223618715778995,3,1.8891381922504145,1.7280264637107403
Bennett Nunatak,20624.0,-20.122102017634013,7.214158774847788,0.10361714507370054,816.5204089638602,9.187306723665097,0.01120054305663305,5.790386136478033,4.1097613559174215,0.32568851823118694,119.18565907666597,91.10543846699298,0.07156710628394104,59.148359731280344,14.707885344669254,0.01120054305663305,0,1.5222950328617886,-2.0516892001329987
Bonaparte Point,74016.0,-2.324345967925977,4.363065417130785,0.34877594033722437,961.0540752131974,14.124356529994575,0.9033587332468656,4.208934531450579,3.535715869657585,0.5790099437959361,154.4972914963205,106.562942938861,0.4712494595763078,81.48538500324138,12.073743770894435,0.6248648940769563,3,1.910746615851748,2.943428700698483
Bowers,1944.0,-28.3728,10.670562009085726,0.6784979423868313,752.6190406976744,8.305278005372354,0.6460905349794238,6.286467486818982,4.039249729796718,0.7073045267489712,189.69406392694063,51.17306102897476,0.6620370370370371,44.9100145137881,7.445384564139625,0.6455761316872428,2,-3.240201183110686,0.5498146419339628
Brianna,61848.0,-21.934908613551446,10.439128288815672,0.5196449359720605,921.3304241374116,10.503758063416461,0.5707541068425818,7.595069361870789,3.837056781142364,0.5920644159875824,76.94849194838038,54.140601795413964,0.5652405898331393,69.19381096343619,13.536247588343453,0.7165470184969603,3,-1.2007289392423581,1.166791895264196
Brimstone Peak,26760.0,-26.048330622378224,6.825085672664132,0.12698056801195814,740.2815185043877,9.923526252810827,0.02055306427503737,6.852664739884393,4.641862629707291,0.35351270553064273,157.76449384199458,63.0308514165044,0.12918535127055306,64.28470431133155,18.774559407958616,0.02055306427503737,0,1.319487160628648,-1.6227752089431846
BrownGl,5352.0,-1.4972329103561195,3.697944838093604,0.5435351270553064,868.1840416341008,10.311997785696992,1.0,3.255,2.5220495984843736,0.9850523168908819,252.79518072289156,71.3923817477277,0.98449177877429,80.18254637436762,16.15078095973705,0.5568011958146487,3,-0.04485136907208548,4.131176700028571
Buckle Island,4624.0,-10.765029702970297,5.819895998261085,0.4539359861591695,923.4052953698776,10.791307839774134,0.18728373702422146,7.0582802547770696,4.432202616783476,0.9320934256055363,190.77567567567567,120.27045382200218,0.9199826989619377,69.24367468500381,11.900413577451879,1.0,3,0.31094798962860903,2.9050886681862154
Bumstead Nunatak,17232.0,-33.64612339783865,7.974510014970552,0.07636954503249768,689.6278597560977,9.951085199351938,0.04828226555246054,9.587303851640515,4.361795201523965,0.8779596100278552,91.23156942559928,52.8409011181178,0.8716922005571031,68.74042073170732,5.242049695595728,0.04828226555246054,2,-0.9804105545898937,-0.5491535783629443
Butcher Ridge,38168.0,-29.36142373118167,9.71559980502253,0.2499214001257598,751.9855057409956,9.558113613041604,0.06673129322993084,6.099950702489524,5.115989103346118,0.46853385034583944,198.9341021416804,65.65390669493911,0.3320582687067701,65.5459672665001,12.642942177157261,0.06673129322993084,0,0.10408566329142441,-1.2943788457431582
Butler Island,75496.0,-17.395317472604976,9.762792923839285,0.2300121860760835,975.1768325667394,11.556888449204653,0.13318586415174313,4.818963314049395,3.6735997450684943,0.4298903253152485,206.96647430612805,85.02570716880535,0.37338402034544876,80.98648837860543,10.017468088030276,0.8107979230687719,0,1.184565730730227,0.2676088638174112
Byrd,122728.0,-26.449984257753055,11.007961446708,0.37888664363470437,807.7553992552752,10.616805330297494,0.21224170523433936,7.100934868051656,3.612342539648819,0.41952936575190664,137.59257453895523,150.1005645302556,0.39823023270973207,75.87355033856942,6.048521712850042,0.7629473306824849,3,-0.5777251695143829,-0.30843717864456094
Cape Adams,10952.0,-23.854091591591594,11.27558676919888,0.2702702702702703,982.2720404464371,12.003993385077168,0.042823228634039444,3.585052588996764,2.4574898987654583,0.5485756026296567,202.49930045470444,100.14757651534268,0.4779035792549306,69.24367468500381,11.900413577451879,1.0,3,0.7687014500381169,0.18301458775892523
Cape Bird,67208.0,-16.172577162892722,9.735225916671768,0.13854005475538628,981.8939292806248,10.743524015489808,0.10833531722413998,3.6907520817729216,2.7337246479916604,0.32457445542197355,116.80737713849844,88.346661299994,0.18072253303178193,67.88410511233728,13.783837482114945,0.5119182240209499,0,1.5375913083093105,-1.0350835036034836
Cape Denison,93504.0,-10.225027707409755,7.605452622318666,0.7298083504449008,983.3789260423372,10.899462581683236,0.7175842744695414,20.530120251956482,9.932773524361773,0.943970311430527,156.7495752895753,39.53656634312138,0.8615032511978097,61.9641608892454,17.45006173719501,0.8133448836413415,1,-1.3627781580993854,5.3030650418011085
Cape Framnes,34680.0,-9.789324646567875,9.056447005731506,0.32283737024221454,976.7223192534015,11.939208207074142,0.23065167243367934,6.152090401663566,4.388283986456661,0.47306805074971164,205.88499353676212,91.947547387531,0.26386966551326413,71.84561502136272,13.698362117197926,0.23062283737024222,0,2.044875445625253,0.5148776945093935
Cape Hallett,26776.0,-17.026442602823817,9.385609149718428,0.5132954884971617,987.8250702709169,9.547777336424163,0.3755228562892142,2.7563680999851212,3.7876470741942128,0.49798326859874514,195.62332005653346,78.27265750730166,0.4186585001493875,68.71361134378364,12.635573542464964,0.37578428443382134,3,0.323043156675462,0.4187277121126192
Cape Spencer,15824.0,-21.917693236714975,12.029773371129789,0.37209302325581395,989.0122565864834,11.138536170421546,0.1172901921132457,3.375716580705166,2.419718690749498,0.25259100101112236,167.03549571603426,103.5389494255333,0.12228260869565218,76.95978800681937,15.330406553147286,0.14743427704752274,0,1.708922547815395,-1.2704961612156966
Cape Webb,6568.0,-10.741956345998382,7.725201824785765,0.4349878197320341,986.7354959919838,11.773953606049163,0.392204628501827,13.734971098265897,6.777573653611821,0.8946406820950061,200.32987312572087,59.168484295422026,0.8679963459196103,67.55143134400777,15.944072331216084,0.37241169305724725,1,0.6337024584966366,3.3961696987881016
Carolyn,28720.0,-25.009927772270213,13.651255406558095,0.5082869080779945,978.3118689252987,10.672420508989465,0.37308495821727017,4.8520648312611,2.9320443716646065,0.5295264623955431,222.59071220620606,71.12739383895341,0.5096448467966573,77.327464500672,13.798195469156187,0.4041434540389972,3,-0.21406432826209287,0.4177311865730239
Clarke Mountains,35040.0,-17.449062538295003,7.4953515577915235,0.30134132420091325,853.5065286739651,11.119292599170004,0.2127283105022831,6.40292969691129,4.9661785071270375,0.4077340182648402,112.99135184342285,120.53202121524546,0.2476027397260274,71.02562912466459,11.865221199070174,0.21295662100456622,0,1.4223786088407102,-0.3090487064985018
Clean Air,55768.0,-50.86732623839888,14.13733587878348,0.20977980203701047,681.194291273972,9.412090871508852,0.23515277578539664,3.998489689224513,2.1730743266143917,0.1356692009754698,100.46613504770147,99.81636003346718,0.1297697604360924,42.39585093070546,11.193994465564911,0.5414574666475398,2,-2.0425884755046284,-3.6531176980893
Concordia,49672.0,-56.058925441553185,14.022901572616451,0.4027218553712353,642.2157493390434,9.262793991542042,0.07861571911741021,6.508281259479464,3.3961338071286,0.33632630053148654,191.84443422014127,76.72391763943263,0.25614028023836366,45.554192276469905,14.799012304028707,0.13200595909164117,2,-2.206067712417505,-2.9047978988082024
Cordiner Peak,13440.0,-22.12155082742317,7.715738183390079,0.21316964285714285,871.6296985969167,8.743532294300397,0.14092261904761905,7.5177812995245645,4.581694776991455,0.29575892857142855,92.41673306772908,62.94546890549907,0.15959821428571427,67.52763727697904,14.574229381230667,0.14092261904761905,0,0.8673202603835809,-1.5112930673800737
D-10,122672.0,-13.351879624782468,7.134378106679574,0.4238375505412808,952.2997365537786,10.340654701579451,0.3378195513238555,8.314108147030586,4.563568001417057,0.5245206730142168,151.34683645155087,40.81489494822193,0.4065638450502152,55.52917048999817,21.056098904516855,0.7334844137211426,1,0.1426860283441474,1.4735689051104546
D-17,1456.0,-13.177150304083405,6.825129338032159,0.20947802197802198,917.7902521008402,9.166080325409006,0.18269230769230768,10.303822937625755,4.913026591097472,0.3173076923076923,160.36614853195164,25.033439227069767,0.20467032967032966,69.24367468500381,11.900413577451879,1.0,1,0.5379925507735552,-0.15022810049916097
D-47,113960.0,-24.672407196352978,8.180025770579414,0.5688311688311688,806.1371276149373,9.743328910957011,0.41442611442611443,11.665627193262297,3.6968204329836514,0.4498771498771499,146.7821827147677,47.24535525521831,0.459038259038259,73.42238890639773,8.534155707392793,0.7215689715689716,2,-1.6333863964260074,0.6211155150020936
D-57,55760.0,-29.25482943801528,10.096748042779087,0.7628945480631277,750.3583895607893,10.136257101024603,0.7182568149210904,9.774040333796941,3.6034404827787876,0.7421090387374462,145.87887249036032,34.616311622733186,0.7302367288378766,63.17680301399354,12.156835588515328,0.9333572453371592,2,-3.264742434234044,1.9118011493370646
D-80,38712.0,-41.827734930737556,12.230732286523729,0.6550165323413929,711.5668177328453,10.153866515111147,0.555409175449473,5.919075807913018,2.8791010573414657,0.572354825377144,165.78273295623697,37.0367839457545,0.5661551973548253,69.24367468500381,11.900413577451879,1.0,2,-3.2022362184442663,0.23471851409383976
D-85,38232.0,-41.80486039959016,11.310301910421227,0.5915463486084955,696.323595651609,8.905668694999964,0.3960818162795564,6.276638763094095,2.601945392761486,0.4282015065913371,165.442814331082,36.684764807237755,0.41522808118853316,46.35060606060606,4.881167063242243,0.965473948524796,2,-3.5911987570171053,-1.2799049961487206
DSS,21040.0,-21.22440496642199,7.245612980228902,0.39134980988593154,822.7056851110804,9.6247473477898,0.3111216730038023,6.324260502112851,4.519855296555501,0.6175855513307985,143.36425297891842,66.9924756313955,0.7407319391634981,75.9395751266179,11.851683659290142,0.3243346007604563,3,-0.24868732527734297,0.7166275686326079
Deverall Island,26408.0,-17.71729214929215,9.678118209346605,0.26442744622841563,974.2032213493349,10.118108397030845,0.0407830960315056,4.102679476657172,2.401905357768088,0.215654347167525,224.60419535109745,79.54773890798687,0.06490457437140261,68.4198847262248,15.146389205477776,0.0407830960315056,0,2.0377562461029197,-1.598640971237539
Dismal Island,59664.0,-4.708850770598695,6.426915747723727,0.5475998927326361,984.6715654781026,13.531929825364042,0.37389380530973454,6.522767686685212,4.119978391802401,0.692729283990346,150.3642056402172,105.12896016747257,0.6172566371681416,84.0186606153359,9.48689092275424,0.36480960042906946,3,1.685042291950283,2.5419034766572706
Dolleman Island,8520.0,-18.59977240398293,9.427423572404184,0.17488262910798122,942.5290006285355,11.181305451334914,0.06631455399061033,5.736473715298287,4.285670724482753,0.6025821596244132,177.91377737226279,95.72408409401591,0.7427230046948357,69.24367468500381,11.900413577451879,1.0,3,0.6568983444679961,0.9060772460143292
Dome C II,76224.0,-55.39368060872895,14.842045747148216,0.4517212426532326,642.270693184726,9.332303604239245,0.07716729638958858,3.189293796446352,2.057959306390423,0.10142474811083123,200.56852660613723,73.04841299636394,0.08679680940386231,69.24367468500381,11.900413577451879,1.0,2,-2.5181077779114447,-3.153976185712629
Dome C,46752.0,-55.64141214968954,13.909879365069575,0.490160848733744,644.3200502203061,10.396475367003056,0.09706536618754277,2.9411497887561233,1.9638105447735756,0.17477327173169063,194.15843343144275,75.74979965560304,0.1933393223819302,69.24367468500381,11.900413577451879,1.0,2,-2.294233859177674,-2.61397405606839
Dome F,73528.0,-58.02834025054259,13.39533427882186,0.6428163420737678,596.6444402545369,9.559482716564352,0.42294092046567294,2.9441976228370184,1.6799871121555994,0.5983706887172233,166.16542155816435,100.91875341137256,0.5667228810793167,69.24367468500381,11.900413577451879,1.0,2,-3.9463390314277493,-0.8384195367199213
Dome Fuji,78648.0,-58.15157993656761,13.153392764540365,0.8917582138134472,596.4993044913356,8.243338224058267,0.8921396602583664,2.789646672144618,1.690207961231865,0.8607339029600244,157.46658191064293,100.44405752210196,0.8599837249516834,69.24367468500381,11.900413577451879,1.0,2,-5.70303533316322,0.8823134962397478
Dome_A,49544.0,-54.97934068681061,12.28549075220752,0.3540489262070079,574.8776096865301,9.18358581275318,0.27819715808170514,2.5983200371449073,1.647859467525722,0.5218189891813337,183.4581432701574,96.57698739205574,0.6858348134991119,41.658676428429665,9.135547718719886,0.08471257871790731,2,-3.004670480061426,-2.4002715513111754
Doug,20456.0,-24.341602402792436,9.306730035967398,0.39778060226828316,812.0451870989249,9.136390091290448,0.4134239342980055,8.352002049005378,3.6392711304121788,0.4274051622995698,101.44907626717196,105.9207584890421,0.380817364098553,75.13915132105684,9.1860971803302,0.6947105983574501,3,-0.7868945845595726,-0.2731080986621294
Duthiers Point,16312.0,-2.367295725108225,3.4976984100739714,0.09367336929867583,985.1473582674714,12.880689551738225,0.014897008337420303,4.042984744288988,2.998439447815786,0.22443599803825404,164.4952278617028,91.00861050721564,0.03010053948013732,76.39608587429994,14.468008110466222,0.014835703776360962,0,4.482114805718691,-0.6056610621721081
E-66,11440.0,-37.480467773611856,11.938977157481418,0.5104020979020979,714.7634024896266,9.30028860530859,0.368006993006993,8.376370209689082,3.152818274782333,0.395541958041958,149.05445682451253,31.646095709309762,0.3723776223776224,59.795889328063254,13.666096062633414,0.7788461538461539,2,-2.389438052575353,-0.9632331816516534
Eagle,49464.0,-42.923558476446324,11.58668223774996,0.5785621866407893,682.5863827775868,9.346435244528772,0.05903283195859615,4.527621597501115,2.256136731268627,0.8187772925764192,66.16172248803828,45.559227491269006,0.49296458030082485,53.87650751871588,9.834300461504322,0.06293465955038008,2,-2.608947189215111,-1.5962599400428126
Eder,3504.0,-13.735585542168675,6.7928297171242855,0.4078196347031963,981.4702965483715,11.628156554818917,0.4129566210045662,10.936882933709448,5.50848585262267,0.5953196347031964,189.7594936708861,35.07465078136781,0.5039954337899544,66.41262683201803,13.410309886694277,0.4937214611872146,1,0.7915700663270363,1.8314147105838798
Elaine,102024.0,-23.08292381753432,13.427287005477904,0.45229553830471264,979.6639216703411,10.59288195342265,0.6220987218693641,4.254389487929455,3.0699264405416535,0.5509487963616404,189.02607925784784,70.859238996388,0.4907374735356387,70.3881041798062,14.98629033793737,0.31620010977809143,3,-0.5740014913965501,0.7148288835161498
Elizabeth,75728.0,-24.857554312475603,11.991536357731663,0.4924598563279104,917.8190161179107,10.861077658972699,0.3871751531798014,5.38719806763285,3.0391087995917645,0.502508979505599,147.93517038390297,137.17549508447348,0.4795716247623072,74.09955170481486,9.505743078177321,0.3873072047327277,3,-0.23571421082166502,0.22290275647659943
Emilia,52352.0,-25.541715732633698,12.940352204325086,0.3738730134474328,985.7663742079243,10.739939362042444,0.7256838325183375,5.434544276966556,3.4259211927082807,0.35116136919315405,210.5963519490152,56.44664123124761,0.3046492970660147,71.26237456603415,12.4967173158748,0.19670690709046454,0,-0.1250512428831351,-0.04153428553353861
Emma,20704.0,-20.729612338967026,12.823264990157444,0.18267001545595055,975.6718943798448,10.389009821464478,0.0030911901081916537,5.548915989159891,4.370148732343494,0.1445131375579598,151.39783037475345,66.36705315212266,0.020479134466769706,71.05599270944629,11.659944019493482,0.23150115919629058,0,1.5126673112676587,-2.14761128903268
Eneide,101808.0,-13.809754180916649,8.87039414840085,0.11253536067892504,978.0715950684873,10.272255778344007,0.052716878830740214,4.839456691160098,7.673910537484473,0.7353253182461104,222.33517503685283,89.98567670205593,0.12711181832468962,47.83225884527372,17.93470485596807,0.10718214678610719,1,1.9462099541103857,0.299290985021265
Eric,28480.0,-25.77763745755644,14.40724008846292,0.4105688202247191,983.3676925981873,9.90643250310586,0.25617977528089886,3.0522626025791326,2.4607996190316923,0.25122893258426965,199.20894752675233,94.67232925630762,0.18297050561797754,71.20078402495018,15.7755792826381,0.18939606741573034,0,0.5737859172615589,-1.37169856034559
Erin,79384.0,-21.29486897850306,8.444153167324487,0.27747405018643556,874.2759107806692,9.580166884841264,0.5764259800463569,11.767907879643518,4.582311916671786,0.42895293761967146,73.9625158579131,36.50530298822573,0.364506701602338,81.75840892375582,11.250619891176921,0.5889347979441701,1,-0.6370226608390956,0.3754213812255793
Evans Knoll,23624.0,-13.28564865964994,8.774951391824946,0.2720538435489333,961.0753058502928,12.103826352028625,0.26993735184558076,5.070626931917254,4.272169177559267,0.4659244835760244,176.04192960314123,78.74157713414203,0.6981459532678632,77.19695773803578,12.2387301913687,0.15264138164578395,0,1.6139666745744448,0.8115735546777273
Fallone Nunataks,27992.0,-15.770340594744122,9.070676046384479,0.17347813661046013,949.9180856067734,10.067863871003288,0.08859674192626464,8.15541547570437,4.884122220066737,0.30008573878250927,102.97218873080942,57.68253895777297,0.11110317233495284,66.41175433095555,13.04928536071449,0.08852529294084024,0,1.5710875195425444,-1.29041169962038
Ferrell II,10216.0,-24.28057620817844,10.117149132948688,0.6840250587314017,983.4099666067301,10.050581905193642,0.6189310884886453,6.249603048586853,4.339626811749046,0.6917580266249022,201.30227011494253,59.20090550351708,0.6593578700078309,76.47575134857438,9.020076826310575,0.6189310884886453,3,-1.1762963844227141,1.8379242499313153
Ferrell,120048.0,-23.602469787777558,11.981225940737188,0.3217379714780754,983.3129156700871,10.730096947475777,0.13627882180461148,5.642919438837805,4.094390641557196,0.3314174330267893,199.1122481057116,64.61123067411324,0.23154904704784754,78.36647644419517,11.702943420719803,0.40590430494468877,0,0.6503578258840593,-0.5627472372766986
Ferrigno,2928.0,-24.72063311688312,9.462616752186293,0.15846994535519127,820.4339780896954,11.013291119945503,0.0023907103825136613,13.58866979655712,9.440933175055351,0.5635245901639344,114.09821933085503,70.81389508101786,0.08128415300546447,76.71407470870459,9.846294975009814,0.0034153005464480873,1,1.3478976279234833,-0.6014395366081354
Flask Glacier,12944.0,-11.746591417076441,9.383834519495942,0.30871446229913474,922.3734415748298,10.886733732083622,0.08165945611866501,4.318530310748853,3.7969571618171867,0.39338689740420274,218.35264105642256,90.79044689090883,0.22775030902348578,73.94318277399276,13.897969541114014,0.08150494437577256,0,2.0580026747401394,-0.5315790719135736
Fogle,3176.0,-17.502250409165303,8.354696205068176,0.2304785894206549,963.9804284676834,10.572460010670545,0.13287153652392947,7.6767648693718735,4.407188281574031,0.43356423173803527,148.59493670886076,101.51045352805224,0.15428211586901763,67.44444444444444,21.759526633001137,0.9008186397984886,0,1.6365322049500373,0.3250292929890182
Fossil Bluff,9248.0,-9.393259820813233,8.841348178166022,0.2155060553633218,977.1957840560668,12.982020572356033,0.012543252595155709,2.944090002848191,2.926888876963735,0.2407006920415225,229.5954132940888,111.70347319033507,0.11829584775086505,78.25845357418218,11.249382390763792,0.018274221453287196,0,3.4980972192195985,-0.8913312259712025
Foyn Point,16008.0,-11.791436688311688,9.900343701306912,0.3843078460769615,980.0241808759613,11.67705649075446,0.25262368815592207,3.061296239682054,2.32158687645581,0.38699400299850073,226.79539307215776,105.04496801430753,0.2840454772613693,74.6518555667001,16.60896953949251,0.25262368815592207,0,2.0461297048846436,0.14043044593719248
Franklin Island,11784.0,-15.638435128297797,8.53484330066114,0.06076035302104549,960.1466208082544,9.803628372335266,0.01306856754921928,5.056405693950178,3.2988957439206676,0.6184657162253904,186.70053475935828,99.99844902898543,0.50806177868296,79.46285468615649,10.58315691821333,0.01306856754921928,0,1.9470653258149908,-0.46856203633288085
GC41,61864.0,-45.49790238233585,13.646244001029983,0.8052663907927066,689.3243958302381,9.912760170659917,0.34718091297038667,5.815976655550262,2.3592566599756157,0.6607073580757792,137.56078023725084,33.26774658384099,0.6034688995215312,69.24367468500381,11.900413577451879,1.0,2,-3.9121862321201206,-0.007489537764073413
GF08,61880.0,-31.12049352122768,9.449454390724904,0.45872656755009694,744.4238750067607,10.183864821256734,0.4024240465416936,13.370969890754063,4.468743167266361,0.6967517776341305,99.18288343246404,19.03690837212462,0.6821105365223012,63.15424973767051,7.623653296735502,0.9845992243051067,2,-2.7744890201737817,0.8930985677153567
Gill,108112.0,-28.32435378547876,14.543814423292154,0.2846770016279414,979.7791903818537,11.565808226180863,0.11755401805535001,4.220732360821673,2.622543398056687,0.37860737013467516,207.78610941275804,71.38701775175555,0.36460337427852596,52.43198717663297,15.20720259008602,0.7922617285777712,0,-0.19487158530478713,-0.6092760991391917
Giulia,64520.0,-43.581496365557655,13.448270362113876,0.5159795412275263,712.395196862745,8.620824678731266,0.5059671419714817,10.881165260462579,4.8010043011056265,0.6307656540607564,211.56688230803232,35.422572980247466,0.6142746435213887,55.65710896807798,12.76207612482163,0.39891506509609426,2,-3.308960130899573,-0.09630312646222704
Gomez Nunatak,2864.0,-16.196085955487337,6.261328162279678,0.09008379888268156,817.0867563739376,10.368433604215484,0.013966480446927373,10.289756402248596,5.0176035119490106,0.4409916201117318,108.63256048387096,68.78101926762986,0.30726256983240224,79.19249557522123,11.452203928726547,0.01361731843575419,0,1.7905364798804206,-0.850637117639521
Gomez,4296.0,-16.9554518794988,6.833389222712532,0.12686219739292365,849.996614522531,11.106327865769808,0.003026070763500931,5.937881554917819,2.8706527266078874,0.10777467411545624,99.97583492366411,88.42226647626308,0.024208566108007448,75.22278481012658,16.67042280679166,0.006983240223463687,0,2.696875618639839,-2.026926206626004
Gould Knoll,2872.0,-4.992484662576688,4.571018900228562,0.7729805013927576,973.4910162002946,12.002358126144744,0.7635793871866295,6.8661622966688824,4.199626637025098,1.0,164.65655650730216,77.2700526608866,1.0,83.3097605893186,10.493232599412881,0.810933147632312,3,-0.22084410049838848,4.681416668709444
Haag Nunatak,29056.0,-22.443098288040225,8.76602345817289,0.42504129955947134,845.6983848161844,9.202787647534688,0.36715308370044053,7.7896682367397085,5.079501565319441,0.6638904185022027,201.76534443356186,66.93321698145557,0.5783314977973568,74.63940069610615,11.014136839638185,0.36715308370044053,3,-0.5233830748903182,0.7902966772750663
Halley Bay,2200.0,-21.239758226997985,7.910398182384507,0.3231818181818182,983.5384796700058,11.05471910237962,0.22863636363636364,7.540819209039547,6.462807348107597,0.6781818181818182,115.05350318471338,71.04415981600489,0.6431818181818182,69.24367468500381,11.900413577451879,1.0,3,0.23912105402878076,1.617993653336677
Harry,79384.0,-23.173216240251744,9.82410451046838,0.26342839866975715,869.6295572091161,9.951535156884916,0.2449612012496221,7.805170708549274,3.5908685854712714,0.36317141993348784,61.32965553849362,76.26289559862548,0.3355210117907891,79.2162937567665,9.7810549232406,0.5113121031945984,0,-0.08170636934656177,-0.7932750395381094
Henry,84736.0,-47.29433107642154,13.874867224493263,0.2470260574018127,690.0152214435374,8.778186837511464,0.18328691465256797,5.414385491028361,2.3677262787645525,0.3883355362537764,91.0686618670792,92.29862193736888,0.20661820241691842,44.161732415167535,11.071948570914774,0.3367753965256798,2,-2.2606896855139325,-3.0750056006229163
Herbie Alley,15088.0,-21.01753221773418,12.450402184654617,0.31084305408271473,988.9838957412147,11.184796621572204,0.14561240721102864,3.250223900254632,3.6202127883647317,0.24516171792152705,154.75109602602177,104.69626391054778,0.06269883351007423,72.61074649646177,15.488447328571958,0.04467126193001061,0,1.9004659440301692,-1.4206327111321388
Howard Nunatak,34952.0,-22.82106378124694,7.372618890490602,0.12213893339436942,811.2343857419335,9.37115102449292,0.00952735179674983,5.7506687709607425,4.176704628247364,0.27486266880292975,178.83034137255532,54.2610987220681,0.10909246967269398,74.13432797018977,12.150678164430701,0.00952735179674983,0,1.4047111881832162,-2.0018336767301896
Hugo Island,32592.0,-4.527223666781141,6.022607962662959,0.3746011291114384,985.1251265438348,13.345613455015586,0.39383897889052527,5.962810845499759,4.00151193956545,0.617513500245459,171.99375083994087,97.70031568331731,0.5433848797250859,87.99875930521092,9.688900085728031,0.4806701030927835,3,2.169159362961232,2.146911374289255
Hutton Mountains,1208.0,-17.43777994157741,8.305653100696533,0.1498344370860927,873.8850758853288,9.398163293185311,0.018211920529801324,5.1456703910614525,3.947458521722108,0.40728476821192056,215.49163879598663,103.71811142515818,0.2574503311258278,77.84932546374368,13.240508883497792,0.018211920529801324,0,1.9658528288251855,-1.1376963613002102
Inman Nunatak,20312.0,-14.06695406360424,7.677347015721778,0.3033674675068925,896.122883024813,12.039249480868717,0.25,8.11599105395583,5.802401564913679,0.6477944072469476,115.46632810775006,81.87573172509546,0.5540567152422213,76.85603753773461,12.147735933949336,0.24980307207562033,3,1.280389343218344,1.1426970704517492
Irene,41560.0,-36.71638418079097,13.466240453039202,0.5868864292589028,756.2658365010705,9.27234317090674,0.44930221366698747,10.72580170638423,4.91109475500494,0.6728585178055823,149.19384057971016,47.814205880420765,0.5749759384023099,64.20936479728893,14.91922284714399,0.41778152069297403,2,-2.584519857118589,0.32816647975606417
J.C.,8032.0,-15.647208243469926,9.091242242773387,0.480453187250996,920.8948609566185,9.562454525759017,0.4403635458167331,9.41534258091635,5.058278943347407,0.7038097609561753,71.95130434782608,63.26771272473714,0.6420567729083665,73.0664437012263,11.771522128600784,0.4416085657370518,3,-0.5744037463201705,1.2852041959505878
JASE2007,40912.0,-53.26397656569326,14.481291827072253,0.4617960500586625,608.5751848415844,9.040853184558514,0.13054849432929214,4.475658184528851,2.3794604918561553,0.27862240907313257,111.81160092807424,67.02172930674526,0.26256355103637075,69.24367468500381,11.900413577451879,1.0,2,-3.0617057855790355,-2.692512333768284
Janet,32144.0,-27.361941901737346,9.595877490381572,0.33387257341961174,746.3369374999999,10.435502745710487,0.10403185664509706,5.938710716422031,3.9910489513089944,0.3238862618218019,113.59886864653522,104.29713560642165,0.25205326032852166,75.01002395750149,9.014679148022248,0.10400074664011946,0,0.36431847008163715,-1.660394529815639
Jennica,14608.0,-13.665064507968632,9.148661787505514,0.729394852135816,868.1840416341008,10.311997785696992,1.0,4.551288056206089,4.195890677131083,0.8538472070098576,219.51269556296486,97.03833104256447,0.733091456736035,69.24367468500381,11.900413577451879,1.0,3,-1.716471085877011,3.3157870491594896
Jensen Nunatak,2936.0,-13.311867364746945,5.238197733836382,0.21934604904632152,822.8249682068673,10.003075001616377,0.1965258855585831,7.824362606232294,4.25204846407828,0.8797683923705722,118.58373205741627,122.91764384648836,0.8576294277929155,77.8354811360746,15.208964872089554,0.1965258855585831,3,1.0562161709334592,1.5400677312191817
Jimmy,24584.0,-17.944173640167367,8.907464774164252,0.611129189716889,962.9228943120312,10.605008627739632,0.5716319557435731,5.365320023487962,2.8891701788986985,0.6536365115522291,112.45688018387129,100.90499206642642,0.5929466319557436,54.649683897359616,13.636681348885949,0.8906199153921249,3,-0.8637124348839128,1.6608373447950842
Jurassic,22600.0,-20.778231795531266,7.717049918543845,0.7247345132743362,830.1918718338399,11.28182393510172,0.6506194690265487,6.931203785211268,4.900942842695522,0.7989380530973451,119.69875145348837,105.32023594737575,0.695575221238938,79.16145669291339,8.537782505694016,0.6515929203539823,3,-1.0984592328355156,2.403093045965479
Kathie,17536.0,-27.99461416454038,9.632536778226147,0.17307253649635038,797.0944163312248,9.704251424281129,0.0083257299270073,5.914921943101672,3.3780059343371054,0.28039461678832117,115.27509549274255,61.222162121078625,0.25353558394160586,73.06066129959747,6.006945672113775,0.0083257299270073,0,0.42795304972457865,-2.5308989251204954
Kelly,2920.0,-44.851551724137934,12.4482125570079,0.6027397260273972,868.1840416341008,10.311997785696992,1.0,3.389805447470817,2.019156013222738,0.559931506849315,222.13200306983885,56.39298209619693,0.5537671232876712,39.39895988112927,10.604086977547174,0.5390410958904109,2,-3.0038932248685644,0.22316299981088805
King Edwaed Pt,25984.0,0.6077328473624587,4.315899759843735,0.21863454433497537,957.5373985151738,12.633040472177875,0.11356988916256158,3.2802426556629922,2.753834275657076,0.37511545566502463,216.3661276040453,113.23367108098881,0.17422259852216748,71.21590642767241,16.003373179982137,0.11326200738916256,0,3.8809312779163196,0.31679883082756416
Kirkwood Island,8528.0,-5.942029945673777,6.945942000226117,0.1150328330206379,982.1809958190802,13.597749067309792,0.07446060037523453,6.283001972985278,4.124413377009968,0.2273686679174484,165.65715004401963,105.83900874656445,0.0676594746716698,81.24703849950642,10.705029946882055,0.04971857410881801,0,3.9766379317835026,-0.5208873733471988
Kohler Glacier,28088.0,-26.360612311366843,8.860877441349935,0.3441327257191683,766.3391433615163,11.240153668239977,0.23362289945884362,6.259140839544919,2.961037125838489,0.6369980062660211,167.54572754572754,69.8133049591422,0.6087653090287667,80.93695823849119,5.027209787079547,0.23358729706636286,3,-0.2817565374617123,-0.17176886744876865
Kominko-Slade,37264.0,-28.003292632734258,10.536576571582756,0.413186990124517,778.5093616551318,10.185857015849793,0.27103907256333193,6.364760416666666,4.0501107256906606,0.48475740661227995,94.57875053938726,100.49233113194708,0.44029089738085014,71.02661242821381,8.43268633763224,0.27103907256333193,2,-0.6449547139821644,-0.7563487403417586
Kunlun,13176.0,-54.341153554810084,12.243483553914226,0.2986490588949605,573.4882573978393,9.550525497306142,0.03051001821493625,3.685658814392959,2.0963284593004756,0.4136308439587128,141.64217403654956,92.85042997306049,0.1984669095324833,54.99217370928689,7.806258409047577,0.028309046751669703,2,-1.7881569739157996,-3.7222647920744247
LGB00,80616.0,-29.021147040235935,9.124802821479875,0.6466954450729384,775.058869714347,9.21298455670394,0.5370894115312097,10.622500966968362,4.0617823638590425,0.6792944328669247,143.93105060965425,23.681799842176137,0.6286717276967352,69.24367468500381,11.900413577451879,1.0,2,-2.851664772033213,1.430400839224321
LGB10,47776.0,-40.32690364000471,10.551610167893989,0.6446332886805091,700.0741628707922,9.054480428311068,0.43479989953114534,6.4142944608514005,2.580244448707807,0.7094147689216342,201.42061731524907,29.8361779784953,0.5046257535164099,69.24367468500381,11.900413577451879,1.0,2,-3.1729550801333395,0.27370748403951906
LGB20,39808.0,-43.28429822131101,10.618549269013382,0.5466489147909968,716.9910337552743,10.481386879709824,0.964278536977492,7.082384388496787,2.7500933109242385,0.523060691318328,197.03472923626757,25.457080590277805,0.35334606109324757,69.24367468500381,11.900413577451879,1.0,2,-3.0604222675580215,0.49065300883357205
LGB35,42456.0,-37.815257496136006,10.608222436578888,0.23803467118899566,728.8791318699921,9.28338289128209,0.1651592236668551,9.986272842146189,3.806106816885704,0.5153570755605804,138.5970588235294,17.66014161473324,0.22719992462785002,69.24367468500381,11.900413577451879,1.0,2,-1.7426825626841174,-1.1565478114247827
LGB46,9728.0,-37.48629001584786,10.990449810731358,0.35135690789473684,728.2077670553546,9.089432683871438,0.23303865131578946,6.952441569282136,2.7899937656946823,0.5074013157894737,97.21916605705925,23.533291349973428,0.2973889802631579,69.24367468500381,11.900413577451879,1.0,2,-2.074311670416781,-1.2992762043416963
LGB59,30464.0,-34.84790581264685,9.391329093435198,0.3573398109243697,707.8260036125537,9.322725208171047,0.2730764180672269,9.760544557993283,3.2070381573792526,0.5406709558823529,50.20267844489584,34.28295717401078,0.3051142331932773,69.24367468500381,11.900413577451879,1.0,2,-2.0396092797526673,-0.8258331337919863
LGB69,19224.0,-26.377195870334276,8.250360581498043,0.2794943820224719,774.9435037941274,9.056989758092513,0.21166250520183105,9.280551211884287,3.0042138781156207,0.6008114856429463,64.70414601171699,22.43304174568352,0.5382854764877236,70.37779695903326,8.961368821905753,0.21655222638368707,2,-1.0060718516648328,-0.886370437377953
Lanyon,50176.0,-11.901135957066188,7.219744193038384,0.42067920918367346,934.5300510279544,10.652509306955908,0.7305086096938775,12.676780641767492,11.363337346808345,0.8105668048469388,127.48945971267958,63.14380202593693,0.7447385204081632,74.85937400496721,15.145182005541837,0.3740832270408163,1,0.0981927178699866,3.6806916121383586
Larsen Ice Shelf,79632.0,-14.335796123539534,10.92874923979394,0.445398834639341,985.2714246320862,12.367881693438108,0.13474482620052242,3.9553165063259157,2.589495719410556,0.40346845489250555,183.85760434420706,100.78260719872443,0.366360257183042,82.91534006899951,7.781747862664997,0.7961623467952582,3,0.9775207787116172,0.35759249245564106
Latady,3120.0,-8.783033932135728,5.340772203447474,0.6788461538461539,928.8935483870968,11.656167925850736,0.00641025641025641,5.432373113854594,4.1529433770873005,0.29903846153846153,243.20432618683,91.98357629266596,0.16282051282051282,92.77349177330896,7.112266072988196,0.6493589743589744,0,2.017122274013665,0.5892765485232999
Laurie II,64040.0,-22.673830703633964,11.317987096974036,0.27852904434728293,983.5874505591926,10.389829121957359,0.08407245471580263,6.048170471971376,4.49353313818557,0.2668332292317302,199.81325376103445,63.6388599161637,0.24643972517176765,77.2048172700419,12.48678962497026,0.09075577763897565,0,1.2799309561439873,-1.0039622317187533
Laurie,12072.0,-18.945957167832166,9.182411140997663,0.6209410205434063,985.9227547809246,10.85187346218932,0.657803180914513,6.222361608920748,4.6668078551537295,0.5839960238568589,192.1241727621038,65.08979563151843,0.5243538767395626,68.88260558339299,14.97176594053669,0.7685553346587144,3,-0.37638048229487114,2.059363095285162
LawDome,35680.0,-21.42575011195701,6.411376087692214,0.4367432735426009,819.9709975415332,10.311666227585684,0.6237948430493273,7.807143634977676,5.250237378101614,0.7426289237668161,112.17058350100604,64.35115139319731,0.6517656950672646,72.59052924791087,8.868185526001557,0.9899383408071749,3,-1.2789300544515412,1.9036625340931221
Lepley Nunatak,23840.0,-11.279574468085107,7.402273855646253,0.19169463087248323,964.432364878242,12.37456761287876,0.15251677852348994,7.394544586367434,5.061974803108589,0.6486157718120805,125.84781604949673,91.64681165496712,0.545763422818792,80.02577100143557,11.620569343289963,0.15264261744966443,0,2.182596295052521,0.9892145276469387
Leppard Glacier,9560.0,-11.818357403862885,8.695475069559317,0.39884937238493723,919.1052682123748,10.807604689000236,0.23755230125523014,4.620599595365091,3.3917001681180343,0.43127615062761504,139.75137164308404,95.22144880329088,0.27552301255230127,76.58014827018123,12.77374778030241,0.23807531380753139,0,1.4268715203978248,-0.1444918426526795
Lettau,105192.0,-27.239229438018036,14.408983198876376,0.3737736710015971,982.4334324548837,11.632932128001547,0.210367708570994,4.400044703392987,2.9415278813629655,0.3620332344664994,176.15164055157322,69.78672130795995,0.3223153852003955,60.297636079501686,12.31910317372247,0.5680945319035668,0,-0.20172954570449916,-0.6434134681085021
Limbert,50168.0,-22.84252114276097,12.311006174048782,0.5262517939722532,985.7582487397278,11.238587133814507,0.4226997289108595,4.84458311205523,3.2152721559728485,0.699728910859512,182.4474516251423,80.84132163470855,0.6847791420826025,81.75367470989133,10.839194693941183,0.45891803540105247,3,-0.35661644087352945,1.3168761720946063
Linda,90584.0,-21.999019074591597,11.357148439079984,0.41140819570785125,983.363915877813,10.37960586369347,0.5580124525302481,6.535418239875725,5.041676992005696,0.4883312726309282,195.2365410624711,70.70847655587362,0.35517309900203126,76.14504154654908,12.4818731394006,0.34900203126379936,3,0.008428354428683947,0.7438041375268097
Lindsay,3168.0,-49.05674796747968,14.105124660101332,0.22348484848484848,681.3123755334282,8.601218327480247,0.11237373737373738,3.1803134556574926,1.8342499045701037,0.17424242424242425,153.14209928003032,57.52539641796455,0.16698232323232323,40.10077519379845,9.933035894314935,0.10416666666666667,2,-1.8473245243662504,-4.283425535228529
Lola,93384.0,-22.5333381633762,6.979865649463793,0.11317784631200206,796.2446005790204,9.959798675432056,0.06419729289814101,5.95058501369181,6.888491501288613,0.7419043947571319,167.6844684233847,85.53508776727547,0.17829606784888202,47.97385638088232,19.161937707896175,0.5924462434678317,1,0.6473864113386995,0.11794333884189612
Lonewolf Nunatak,26824.0,-29.438384342426257,10.460632886913363,0.327617059349836,801.4529573661525,9.336657804656799,0.282098121085595,9.093228089275993,4.875538686256069,0.657582761705935,175.4452229824417,68.76038082501655,0.5477557411273486,68.10754011528275,6.703471347312585,0.282098121085595,2,-1.0637393441015601,-0.2315617017815088
Lorne,43832.0,-21.701668053244592,11.338879474675391,0.45154225223580946,982.77695777424,10.154458137991787,0.3981109691549553,5.909415827577599,4.280920033898041,0.45167913852892866,198.8458824798619,65.77924725299928,0.36557766015696297,75.87746322623059,9.9653811099867,0.4447435663442234,3,0.0007847633451432981,0.2399448152045363
Lower Thwaites Glacier,32840.0,-21.301009798468186,9.526467277193046,0.2883373934226553,861.5023684110804,11.007508017546039,0.19643727161997565,7.33047653654485,3.3218532302965387,0.4133982947624848,154.89004766174318,83.05354113007472,0.3547198538367844,79.6401326259947,6.159006993255407,0.1964068209500609,0,0.6678489795962125,-0.759785168531363
Lucia,38016.0,-25.32924900710073,10.512758069367079,0.344302398989899,869.7552789832611,9.04825775807761,0.6605639730639731,20.201273113064566,11.754754969326775,0.6528829966329966,271.24576992854236,39.01066801931655,0.28953598484848486,68.83238754902779,10.25526829906717,0.36958122895622897,1,-0.9241131135896037,1.9405886581122018
Lynn,29472.0,-34.98221302998966,11.182915249133922,0.37659473398479915,780.9154153211339,9.190852565421011,0.24348534201954397,9.272131030545248,3.891268481146622,0.5245656894679696,265.6240545102207,36.864619780175595,0.45721362649294245,35.90469103464698,8.05244319575599,0.43003528773072747,2,-1.964131405091435,-0.9466817518994777
Lyon Nunatak,14616.0,-17.284178250204416,8.46118764714007,0.8326491516146689,845.4060046189376,9.472746572616707,0.7926245210727969,5.276093680954485,4.122250800939241,0.8451696770662288,162.44992690058479,116.70275549772798,0.812807881773399,82.48712772998014,9.381726857624942,0.793240284619595,3,-1.797541870954254,2.8708161329782107
Manning,15104.0,-22.65863551401869,12.128442708862252,0.2915783898305085,980.9115376747358,10.778056511742301,0.029065148305084745,4.61138173735877,3.2297951132400304,0.2850900423728814,234.32009289661246,83.66027883303,0.17326536016949154,69.24367468500381,11.900413577451879,1.0,0,0.7986712646842742,-0.8065245151480452
Manuela,111040.0,-18.52012074833619,9.607791718408222,0.16914625360230548,979.0592644819799,10.571422328049632,0.11866894812680115,12.845634722263066,8.449763934069871,0.6937409942363112,264.3628698639742,52.20128106664422,0.4862391930835735,52.713009387668016,15.88595704570716,0.6623198847262248,1,0.4987679004169133,1.7015710941929247
Marble Point II,29472.0,-16.62451472015529,9.234478164837086,0.16096634093376763,973.4318713980209,9.758103641871472,0.06389115092290988,3.857632738719832,3.0167402489475075,0.19160559174809988,194.26362347810283,78.65525999212633,0.06640200868621064,59.35817626270063,15.418439853804463,0.0783116178067318,0,2.005912055489052,-1.8028858595565256
Marble Point,122480.0,-17.158792683391066,9.523372176922116,0.14209666884389288,975.5627104555595,10.519936611674567,0.03740202482037884,3.472636115024447,2.7189112778681688,0.21182233834095363,187.51294018200784,77.39253093827506,0.09206401045068582,69.24367468500381,11.900413577451879,1.0,0,1.1481593387580173,-1.0169701817099461
Margaret,38472.0,-28.858132356432957,15.662404117495512,0.2337024329382408,973.8902587757018,11.565894813084343,0.0025733000623830316,3.474961191663639,2.3482490538032965,0.2130120607194843,179.2607436021246,87.56315920309929,0.1925296319401123,66.44493286403338,13.325846790993664,0.0030411728009981285,0,1.1632087807781972,-2.277332065092574
Maria,72560.0,-15.457448067454195,8.644653673759032,0.34783627342888646,945.0106841307643,9.168017880087623,0.3634233737596472,6.497381294964029,4.351508902138397,0.7605429988974641,233.0232705331336,84.67526765357624,0.34676130099228225,58.7246753915911,20.24241761686075,0.46504961411245865,1,0.41798748084358134,1.2518560246955939
Marilyn,110064.0,-23.510021376772382,10.988797418206577,0.32846343945340895,981.2541274238226,10.480365910925483,0.13082388428550662,5.680598356445814,3.6007167065778862,0.3631705189707806,218.68838733163452,80.99961485010013,0.3510866405000727,69.76504559809801,12.602472385227236,0.48791612152929204,0,0.5366590443611856,-0.2573569455040257
Marlene,11440.0,-24.33502860775588,12.380102270954799,0.175,976.1197622050081,10.643185049531866,0.029545454545454545,6.14021031547321,4.303230533526321,0.1271853146853147,157.1116495976591,52.3169080108641,0.044055944055944055,74.06524049720771,10.425078710968407,0.029545454545454545,0,1.5739428279054997,-2.3027848288271624
Martha II,15088.0,-26.710371874134914,14.978263918588494,0.2817470837751856,980.6851259054847,11.314014180306181,0.039302757158006366,4.537753406447325,2.7260191356334755,0.4017099681866384,169.4530711984894,66.13477594646521,0.4033006362672322,56.25204865004744,11.482191006251863,0.23164103923647933,0,0.3131009323976445,-1.4244250300327144
Martha I,11688.0,-19.810407725321888,14.584895354412888,0.7607802874743327,978.9392847539661,11.604072555134774,0.6818104038329911,4.236059701492537,2.6247327204318336,0.7133812457221081,177.23015873015873,71.66492424323458,0.9029774127310062,69.24367468500381,11.900413577451879,1.0,3,-1.9214404099748135,2.3852679808747164
Mary,20448.0,-21.45932709536134,10.252940948192451,0.2630575117370892,983.6735642708176,10.380426886878382,0.03858568075117371,4.883759168704156,3.2440741426925728,0.19992175273865415,242.39176201373,74.42317299793707,0.03829225352112676,62.02953633639734,12.731175114265135,0.03702073552425665,0,1.8129615570509683,-1.7463094906997345
Meeley,14856.0,-24.517230841560885,12.334964910621322,0.4273021001615509,983.5295615671643,10.904036035348975,0.27840603123317176,5.744863844702076,4.132596808988967,0.5006731287022078,202.16312668463613,69.32687713106637,0.37567312870220787,69.24367468500381,11.900413577451879,1.0,3,-0.24102815902454866,0.46758379097576125
Minna Bluff,86688.0,-22.484683149074456,8.291921797826305,0.2758628645256552,876.7058258317577,10.368983103372694,0.18242432631967515,6.7422620102818644,5.726833652127499,0.6095653377630121,195.80407787262786,76.56084122887243,0.4364964008859358,78.25009372404793,18.573442537782125,0.5138312107788852,1,0.7585987674450545,0.9048286898403115
Mizuho,62096.0,-30.25092386994449,10.824915321768376,0.5938546766297346,737.7609192149552,8.706502446191267,0.03257858799278537,10.326767676767677,3.3849367328508513,0.12632053594434425,94.83707587473079,24.504706313973216,0.0877673280082453,69.24367468500381,11.900413577451879,1.0,2,-1.849566409857755,-1.7774335578886704
Modesta,96024.0,-37.5478673561042,11.312861571588796,0.5710134966258436,762.1335871554968,9.359339746961112,0.18078813629925852,12.78405298013245,5.402145227720203,0.6068691160543197,286.17772965508584,54.90750152357169,0.3363534116470882,59.80949991314586,10.510798818344192,0.4604369740898109,1,-1.9160389455158713,0.05710372629632107
Monte Cassino,20576.0,-23.036917305676614,6.7245992254041544,0.11902216174183515,756.598311248381,9.752964752536615,0.024397356143079314,5.129795046398292,3.5929201877326435,0.27201594090202175,137.39701660568534,101.51572933992004,0.13661547433903576,63.194724519278665,17.736370761008633,0.024397356143079314,0,1.6393253098403633,-1.9363994261815471
Mount Bruce,20456.0,-18.97823555506266,6.739116944493382,0.1184004692999609,801.6113925333063,9.645857282074147,0.03495307000391083,5.456090838937272,5.032847572070793,0.5565604223699648,162.94174997934397,87.76227634191062,0.4083398513883457,65.6946925959688,21.286452777655526,0.03470864294094642,0,1.6507125470755275,-0.39245259903051255
Mount Carbone,13680.0,-15.136033613445377,6.215261832176303,0.5650584795321637,859.3473684210526,11.352019548298706,0.4083333333333333,7.705158107198924,6.45258026999788,0.6740497076023392,177.71250639822557,139.5063447816919,0.5715643274853801,78.46662625037891,14.810942735808874,0.5176900584795322,3,0.8898441451747693,2.3515870241492527
Mount Howe,82176.0,-36.570036737142,9.049560719560901,0.6753796728971962,698.488207059213,9.514288768183073,0.7059117017133957,11.471977190736647,4.507559501197444,0.8954317562305296,141.37650954421503,58.841752583457506,0.8750486760124611,71.49813803376365,3.4222435006454575,0.7058995327102804,2,-3.78573117599171,1.8099572692434704
Mount Paterson,26112.0,-17.401240260772777,8.39082689844986,0.5183057598039216,908.3494183141818,11.571191252691799,0.4634267769607843,5.005365904582941,4.0981674470863645,0.6331571691176471,193.82798560025043,101.03712940953845,0.5106464460784313,77.93735816741597,12.833523903572557,0.46335018382352944,3,0.5581925854437891,1.5174915088091845
Mount Sidley,32032.0,-20.336806056236483,6.76058915691858,0.2205919080919081,741.0533723354179,10.891905712898229,0.07149100899100899,4.168628966269661,4.876708780777258,0.31324925074925075,183.88393882825963,125.01214642464574,0.13036963036963037,59.8637941941379,15.39717174641472,0.1117007992007992,0,1.7509496941253646,-1.2277334309239718
Mount Siple,86440.0,-9.285828689905403,7.188349614665182,0.5536210087922259,953.9085829766999,13.612336888048622,0.6107357704766312,6.8661622966688824,4.199626637025098,1.0,164.65655650730216,77.2700526608866,1.0,69.24367468500381,11.900413577451879,1.0,3,-0.34007694056072885,4.27545496845706
Mount Suggs,26408.0,-17.644602935836925,9.182576680314602,0.26995607391699483,853.4428040313551,9.581982323954088,0.15461223871554075,5.381500615006149,5.048697619106863,0.8460693729172978,187.44551777434313,102.59664338569782,0.803998788245986,76.4431028305267,12.302725858442379,0.1544986367767343,3,0.40560664957962844,0.9450933444273591
Mount Walcott,17472.0,-31.427979317821702,9.701603793963747,0.3137019230769231,774.8468564938752,8.415527976422426,0.29447115384615385,8.855872369314325,4.105263374411557,0.6627747252747253,185.37188312681658,35.03696891799624,0.6258585164835165,74.17820232011033,4.277894427978696,0.29447115384615385,2,-1.6126736235211754,-0.507001555790595
Mt. Erebus,2432.0,-33.11410358565737,5.652495205365301,0.4839638157894737,589.2514842711564,10.91900056654471,0.07195723684210527,6.184634146341463,5.291501050000496,0.8314144736842105,194.44871794871796,112.64418659194847,0.7113486842105263,44.29500221141088,11.927180113234433,0.0703125,2,-0.7535941038668795,0.25272736311078126
Mt. Fleming,9016.0,-23.608979591836736,7.123569746812042,0.32065217391304346,763.9678555236513,10.467840519301356,0.26608251996450755,8.733397683397683,6.184141285344801,0.4254658385093168,198.3942367601246,49.474511065519025,0.28793256433007985,47.53350967351874,18.680893998692422,0.26619343389529726,1,0.35412150256242625,-0.12467685552767593
MtBrown,37392.0,-30.064666353824496,9.476989828564154,0.715045999144202,754.0825042950178,9.072661130211458,0.33063222079589216,9.466854780497407,3.502315045867686,0.5924529311082585,119.37901376146789,41.82795638433579,0.6268720581942662,62.414243711205486,8.874925001509336,0.91813756953359,2,-2.836863103152644,0.4756384162495602
Mulock,12672.0,-20.26901836438103,9.78710566051855,0.40269886363636365,936.3252013263856,9.072349368025836,0.3336489898989899,13.700440324449595,9.353217475056052,0.6594854797979798,306.00596836765146,66.24520408909646,0.47111742424242425,68.98592441999523,15.28726114200333,0.3401199494949495,1,0.25917768465483726,1.8480053743061151
Nancy,2672.0,-25.37568728522337,11.013658445590352,0.5643712574850299,986.305404307192,13.400556627844335,0.07896706586826348,2.5904921700223715,2.5907456980380847,0.33083832335329344,166.486748216106,104.18848431017908,0.2657185628742515,69.24367468500381,11.900413577451879,1.0,3,0.8923441663611753,0.014079797859431246
Nico,84736.0,-48.865805877114866,13.811279776806309,0.21807732250755288,669.3001809731418,8.939451848883804,0.13922063821752265,4.204577034320303,2.2202539163193333,0.20843561178247735,268.58078879399136,78.30853253914297,0.255228002265861,49.848910375094285,9.675299381504962,0.13950387084592145,2,-1.6814014014740855,-3.3243001866544954
Noel,1704.0,-28.110000000000003,9.438325648632487,0.27816901408450706,776.5234364261169,7.643173128556466,0.14612676056338028,7.97165725047081,5.68392054523976,0.3767605633802817,95.39952153110048,109.46557706248316,0.2640845070422535,84.3659793814433,13.701709893561324,0.5446009389671361,0,-0.11476592757375649,-1.1313006000666894
Panda100,7072.0,-22.08020480443486,7.689626570158102,0.08173076923076923,826.7400849858357,8.518230192258406,0.0016968325791855204,13.391616501145913,3.614539559218511,0.07451923076923077,127.08508219954648,17.317125968665977,0.0022624434389140274,72.94663879835625,6.338623400146567,0.0021210407239819003,0,0.817653899609671,-2.9191841116854476
Panda1100,13216.0,-48.77333918385256,10.690712473767826,0.13778753026634383,603.2264873057976,9.450907085514041,0.0015889830508474577,6.4870575042612355,2.7261454047467133,0.15655266343825666,127.23167203901149,29.157089345308744,0.08451876513317191,55.08024083611027,6.267254361158401,0.0009079903147699758,2,-1.2405055722610319,-4.366444762992547
Panda200,13344.0,-26.72060060565276,8.494073270193407,0.1091127098321343,763.3567995794849,8.829528158265463,0.0020233812949640288,10.866723990350946,3.5262203735666766,0.03694544364508393,78.41591237544687,21.432435509895395,0.014763189448441247,71.57223481414324,5.979354015786726,0.008093525179856115,0,0.3420106477046082,-3.456301100283113
Panda300,4608.0,-30.964553237025147,9.381629680532342,0.18880208333333334,723.2834522747547,8.732513927848268,0.026909722222222224,9.259737615924,2.9887703965301884,0.040581597222222224,73.89815647482014,22.003704253447733,0.034722222222222224,67.60327540106952,5.546586978675574,0.026041666666666668,2,-0.3049362192254174,-3.765635319150615
Panda400,4600.0,-33.35197197716658,9.867118422172167,0.16217391304347825,709.5092774503383,8.38981181519597,0.004130434782608695,8.957591738079543,2.7022916691086336,0.010652173913043479,71.29449766094899,26.66189521466285,0.024130434782608696,33.926127696665944,6.940822176568238,0.002391304347826087,2,-0.9191341717632345,-4.397080005240985
Panda,40912.0,-34.888494614003584,10.028924810590247,0.45541650371529135,700.7547840744902,9.284816085559147,0.3909855299178725,8.926495619524404,2.928776962248646,0.8047027766914353,59.5395138857221,98.2976632048634,0.4639958936253422,57.505428322371024,7.648638727229447,0.3831149784904185,2,-2.2949254097810785,-0.4892172433817854
Panda_South,40808.0,-37.80054471175669,8.464406301530229,0.8380464614781415,587.5305228691292,7.136094603919192,0.7605126445794942,4.099028511087646,1.9322540106177608,0.7679376592824936,223.7530541923358,88.59838053799986,0.765315624387375,41.32621290387927,13.144548790091843,0.7580621446775142,2,-4.439329540118825,0.7784522839601485
Paola,52600.0,-37.66014417049728,12.763156212567637,0.6360456273764259,722.3125723998993,8.603931049027901,0.698022813688213,7.97814891112419,4.665852499516545,0.7415969581749049,182.05133966185474,68.69908572195996,0.6615399239543727,65.12143679815722,12.78069187238383,0.471787072243346,2,-3.2098004360040155,0.7804801078679869
Pat,6088.0,-17.493586061650394,9.82872780665983,0.14208278580814718,988.1489803350328,10.529385338966408,0.09789750328515112,11.054524284763806,6.37709956212073,0.5062417871222076,253.20375844594594,74.79080345564981,0.22207621550591328,45.655512890839276,16.421239092172698,0.1016754270696452,1,1.701129339033166,-0.05862886536417254
Patrick,4368.0,-50.49445054945055,13.863355132382113,0.16666666666666666,680.617659963437,11.279379535920834,0.37385531135531136,3.582225237449118,2.29450706925029,0.15636446886446886,111.10523446019629,120.5430754790582,0.16025641025641027,38.202119883040936,6.675098413633485,0.37362637362637363,2,-1.4814675394616454,-3.4948712912450044
Pecora Escarpment,29064.0,-30.20758164292907,10.271592406115458,0.282514450867052,810.9245385194952,9.064081061004275,0.2693366363886595,11.679554199283533,5.036904665791848,0.7406757500688137,113.21630751310425,43.52152539824671,0.7046173960913845,67.08465812770767,5.320987503387717,0.2693366363886595,2,-1.6112753780943427,-0.06807845191868292
Pegasus North,81816.0,-20.44945773462276,11.925900725814701,0.3756477950523125,989.2757453820802,10.513492876312805,0.36212965679084774,3.7197176431849517,3.1733372860923663,0.4060941625110003,116.1446716083434,89.27424744868422,0.2909699814217268,70.89393497328544,13.057672588487424,0.3297276816270656,0,0.3785907659643566,-0.3852262402675297
Pegasus South,52848.0,-21.609221482742612,12.680203303222472,0.3887185891613685,991.7268284782156,10.942603488814424,0.18220178625491976,3.525251046025105,3.3685354625497266,0.6382076899788072,119.55301236516706,85.98484895016506,0.5684604904632152,64.98746710981858,18.837809256554987,0.8633628519527702,3,-0.047597472497002885,0.7572404561062194
Pegasus,2920.0,-25.172145144076843,10.998894910672504,0.3582191780821918,988.3507546356187,10.697976153406577,0.20582191780821918,4.452525252525253,3.8561466869264307,0.4914383561643836,109.77488514548239,83.40294318392573,0.3291095890410959,57.36086956521739,11.240354780035437,0.21232876712328766,0,0.48199663704578877,-0.7455258326584655
Penguin Point,28240.0,-12.580081765165634,8.167606076844248,0.41101274787535413,977.0268876506708,10.977295545956178,0.3771954674220963,12.223945160146553,7.03499214674712,0.7003895184135978,163.30136804356488,48.786843509386536,0.46678470254957505,65.38367904608123,17.31257330563364,0.7149079320113314,1,0.46056287476177704,2.306597322120708
Penguin,64480.0,-15.185573604305954,9.686114847481539,0.35745967741935486,986.975765502385,10.155359633067466,0.2944633995037221,3.634893216080402,2.9810726229636044,0.5062034739454094,224.74176718361096,106.11831578647687,0.351985111662531,54.05009541984733,11.540614393780164,0.5449131513647643,3,0.545927844060711,0.1957388936937549
Phoenix,12176.0,-19.647265688014194,10.595825213926808,0.4908837056504599,986.0035606441872,9.368236584592166,0.34724047306176087,4.210191864927092,3.064981007347685,0.464931011826544,119.3702390333596,79.71174366127417,0.3746714848883049,70.76092130518234,8.653833459853695,0.3581636005256242,3,-0.11122610992043185,-0.36573843974548464
Pirrot Hills,17504.0,-23.883161267354932,8.279231580608597,0.1976119744058501,837.0136644710311,8.356955477162941,0.15002285191956125,9.5482560296846,5.730321281108562,0.38414076782449724,197.02605154132434,63.51445211484792,0.18641453382084094,64.27926468611372,11.626997730949677,0.15002285191956125,0,0.4695961260605257,-1.1837440358012425
Port Martin,80344.0,-10.52644109775097,7.055769339897975,0.6884272627700886,984.5083120688025,10.898370513090827,0.7366075873742906,15.681448632668145,7.6903835507583675,0.9326396495071194,161.23903572465872,41.1689487512788,0.8714403066812705,64.04646529822156,16.776241278734183,0.6913646320820472,1,-1.0657461874800562,4.671767054725778
Possession Island,84984.0,-11.297226170597408,8.855495979181095,0.1473336157394333,975.5518486309853,9.872173583148166,0.10696131036430387,6.8661622966688824,4.199626637025098,1.0,164.65655650730216,77.2700526608866,1.0,69.24367468500381,11.900413577451879,1.0,3,-0.14655340498734715,2.2606878996263995
Prospect Point,22392.0,-3.5699325221826683,5.344600674169076,0.15947659878528045,985.2346276428603,13.763016836439904,0.005135762772418721,3.526417193722183,3.266468832801106,0.23740621650589497,136.02982236677508,89.41486020272878,0.10749374776705967,79.93314636991833,10.20975439471407,0.00473383351196856,0,4.084741954319195,-0.6403194732685048
Racer Rock,39192.0,-2.1653304489867997,3.5366250483988266,0.42205041845274543,987.6617138103163,12.375244436356564,0.5399571341090018,5.904296123178445,4.207474693981538,0.6288017962849561,154.30420678646826,109.37342348342833,0.5044651969789753,80.61124828532236,14.018630175320231,0.9069963257807716,3,1.8366581029741662,2.929938972444723
Rambo Nunatak,17448.0,-23.916863707338837,9.040460375646086,0.22919532324621733,890.8879265471371,8.267144363446342,0.20724438331040806,10.208151704272684,4.711668417247086,0.4030834479596515,201.92196218872326,41.60008060722526,0.3118408986703347,73.37057547715443,7.95132508113066,0.20724438331040806,0,0.04083958701635914,-0.962586399136572
Ranvik,5720.0,-12.174457261165335,7.201469420426332,0.4089160839160839,944.0708918841411,9.406144088974978,0.3903846153846154,6.8661622966688824,4.199626637025098,1.0,108.30308529945553,87.65933978359061,0.42202797202797204,64.65785693766159,14.051562554874469,0.3914335664335664,3,0.23253786285525127,1.4928786673574599
Recovery Glacier,5840.0,-29.59089430894309,11.421030071206948,0.6840753424657534,846.6431896978702,8.57659807951931,0.6542808219178082,6.027463149728471,3.644796320905297,0.7792808219178082,72.2488986784141,76.24825372711815,0.7667808219178082,69.24367468500381,11.900413577451879,1.0,3,-2.958719626520883,1.3924625269172761
Recovery Lakes 1,7000.0,-42.85960672826345,12.546212802064398,0.397,706.4199300699302,8.845702648686578,0.142,5.233177570093458,2.2527411076209662,0.7554285714285714,102.07159221076746,121.33390914217382,0.7505714285714286,70.46223776223776,3.2930961397431537,0.142,2,-2.183881184854231,-1.4622820761596218
Recovery Lakes 2,9184.0,-40.824745083758195,13.201077526087614,0.4020034843205575,716.6563343283582,9.49103923844152,0.08808797909407666,4.281388299484693,2.1524449297808634,0.6407883275261324,102.02485207100592,93.46320872805047,0.6319686411149826,72.7555223880597,3.531078066351719,0.08808797909407666,2,-1.8185643015934745,-1.9278609677774439
Relay Station,78648.0,-50.34446117804551,12.385336820016223,0.3921269453768691,636.1612866971433,9.243962364160499,0.16281405757298342,7.2921803735757225,2.557815378910527,0.21105431797375648,92.9553552881773,74.75615011385516,0.20426457125419592,51.180512953070256,12.237728399592326,0.5572932560268539,2,-2.4951559017055263,-2.8745276032296743
Rita,84536.0,-15.313217778774208,8.788892295511193,0.15579161540645406,955.5324500473885,10.31226788718494,0.08887337938866281,8.296179719804975,12.798505000619162,0.8083301788587111,246.88981306931834,85.50444520399338,0.17797151509416106,47.37033281221391,19.63717747031131,0.16010930254566103,1,1.8656525518745666,1.4916188934045997
Robertson Island,34768.0,-8.84520304452851,9.478935259635197,0.36893120110446387,983.2897412915054,12.002907006199049,0.29403474459272894,7.608679245283018,4.954638993963724,0.8323170731707317,218.7372356583713,90.36551290339929,0.7538253566497929,77.55681753371084,14.956546509526772,0.2939772204325817,3,1.3154879507089656,2.415740737922509
Rothera,984.0,-6.547863247863248,5.369903412744124,0.524390243902439,984.8334677419355,14.016896329000485,0.4959349593495935,4.409337349397591,3.49311842008365,0.6626016260162602,122.98529411764706,122.68759302982255,0.5853658536585366,69.24367468500381,11.900413577451879,1.0,3,1.4306984088978962,2.786477820723787
Rumdoodle,5560.0,-14.242423454650492,7.022652795600208,0.3773381294964029,936.0843289802723,9.053821469426412,0.3526978417266187,6.8661622966688824,4.199626637025098,1.0,140.22003474232773,51.29615881279546,0.3787769784172662,53.45933943935609,17.283512965853582,0.35197841726618706,1,0.047456873897262636,1.2363552724830869
Sabrina,37736.0,-21.05323858714831,12.608576861679866,0.17397180411278354,975.4770870585605,10.577453176025127,0.051515793936824254,6.556064415302032,5.280654615571401,0.22000211999152003,154.49023386934385,60.34914367727963,0.07878418486326055,70.11933272250482,9.965209687564428,0.16125185499258002,0,1.3294993639596182,-1.7623377904469713
Sandra,22400.0,-33.772763237979305,10.823647567553442,0.4132142857142857,803.0805304556978,10.619064638535349,0.31325892857142856,9.426862337262152,4.2491873881247955,0.42049107142857145,274.70953268447573,31.380877491683112,0.3532589285714286,69.24367468500381,11.900413577451879,1.0,2,-1.1645813666932878,0.1006585895568242
Santa Claus Island,17296.0,-1.9592596081386586,4.074330680338551,0.38621646623496764,985.5997536338999,13.774280614387742,0.29596438482886217,5.842754194347483,3.676517830706824,0.4865286771507863,198.14759934571347,96.88894580769814,0.3991096207215541,85.81693005789391,13.009986582889685,0.6304925994449584,3,2.968648095911628,2.0758743351369993
Schwerdtfeger,108112.0,-26.509445495969157,13.110772157556005,0.34026750036998665,980.6861939502539,11.029591233301,0.13278821962409354,4.895740521812414,2.9248225254873943,0.20977319816486606,222.59670520104416,64.81504485278607,0.15667085984904544,72.76686517167582,12.55836374483833,0.8011876572443392,0,0.2874145094377128,-0.8905778414306426
Scott Island,32864.0,-7.342208746784271,7.3918630150481555,0.5032254138266796,977.8422062619233,12.759307363024892,0.45770447906523853,5.334899328859059,3.419212670186798,0.9818646543330087,185.05585106382978,107.17063099007743,0.9771178188899707,69.24367468500381,11.900413577451879,1.0,3,0.24669798312312535,3.702803844972862
Shristi,13880.0,-30.89634925793522,10.172481450953269,0.33494236311239195,852.8197742238946,9.691550808118425,0.23414985590778098,8.403545359749739,5.03132175870943,0.7236311239193084,292.77824267782427,45.80445520478968,0.7244956772334294,43.05874984341726,6.323896111575296,0.4248559077809798,1,-1.3780400972337354,0.313087936554516
Silvia,93048.0,-17.08121114033313,8.288318610488341,0.20315321124580862,921.1502779076411,9.923928978787655,0.17242713438225432,10.028450949980613,12.795321072564954,0.7782649815149171,198.43524449304797,95.23878216896486,0.3120754879202132,66.11493594334368,19.145031384209776,0.32470337890121226,1,1.4219828895372904,1.9550940855550676
Siple Dome,73048.0,-22.69752728021413,9.798338087998024,0.3350947322308619,897.8861547411286,10.89169106719453,0.5999479794107984,3.77118500110101,2.620208543327468,0.564820392070967,133.162445389066,98.51894216322115,0.5362501368962874,73.52976178163891,8.961836614338601,0.6029049392180484,3,-0.44488139901395474,0.5583602995914485
Siple,30184.0,-24.841471030415175,9.732890489867112,0.4270474423535648,861.3543915040185,10.691646569205613,0.3074476543864299,5.423301314161117,3.4038364336464726,0.43781473628412404,190.49905176260597,74.50749468553667,0.40604293665518154,69.24367468500381,11.900413577451879,1.0,3,-0.47153910627659895,0.2547398130485114
Ski-Hi,14112.0,-19.32051195308976,9.623984636506783,0.3715986394557823,826.1874979504838,10.33229693932691,0.13562925170068027,5.598348723519827,4.452248879965788,0.34771825396825395,163.35049890072722,142.91258144424384,0.16198979591836735,69.24367468500381,11.900413577451879,1.0,0,0.5463377677851449,-0.40673125903363055
Sky Blu,40416.0,-18.875259957952156,8.358199455345561,0.5645536421219319,803.5618036334356,11.001052584854078,0.5083382818685669,6.648463083571733,4.654675237217698,0.5935025732383215,116.14038216560509,121.77990433664013,0.514424980205859,78.19755512501153,8.336336314986424,0.7318141330166271,3,-0.5646175735683908,1.2595967270710413
Sofia,46752.0,-18.058724438037267,9.678316845378863,0.19879363449691992,984.8009713216638,10.49288770197618,0.16540468856947296,7.9400606323083585,9.162658302527742,0.7530586926762491,199.24512945724604,120.52280703817704,0.15900924024640656,45.70823013233317,17.425999485541137,0.09323665297741274,1,1.698478868913006,0.7373840285838833
Sofiab,58016.0,-26.03404238283335,9.349254103818868,0.35417815774958633,804.053547133139,9.830879470524879,0.2905405405405405,13.071200850159405,9.813579239635354,0.854023028130171,179.39477848101265,43.13037727445886,0.5642581356867071,64.90131966248038,10.525202882820643,0.2972972972972973,1,-0.9125287543575081,1.4517636178456428
South Georgia 1,7544.0,1.5472977194626678,3.486477509722405,0.15137857900318133,989.7747701309556,14.030470636932169,0.04851537645811241,3.4132535011162983,2.3429486016329615,0.346898197242842,207.41443573435882,79.23462719422824,0.10379109225874868,73.70209555741829,12.584168872556805,0.051166489925768825,0,4.492743173427773,0.019718975442233444
South Georgia 2,680.0,0.49380664652567974,1.4641994023836469,0.026470588235294117,972.3938988095238,9.935978743902547,0.011764705882352941,7.979720279720279,5.327776395926428,0.5794117647058824,237.83549783549785,84.76487190696716,0.3205882352941177,89.19806835066865,7.637640526418969,0.010294117647058823,0,3.734162433630061,0.5825536904657348
South Georgia 3,13256.0,2.126777712838496,3.1199474311884665,0.2255582377791189,996.2403239556692,13.007510395608845,0.11511768255884128,2.857653360113817,1.718624046733952,0.0985968617984309,245.57397627248375,104.46075069028295,0.014408569704284852,78.39962582666203,10.377025679034997,0.13307181653590827,0,4.471389541065394,-0.4389796470634965
Spring Point,12920.0,-3.075571705426357,4.007935384196406,0.20123839009287925,986.8987094611582,12.899510135153495,0.07639318885448916,2.1710815984685334,1.8484996915149632,0.35309597523219816,152.25924502929593,90.91752461542568,0.19419504643962848,72.6236388004691,14.3555476479527,0.0760061919504644,0,3.77888414793969,-0.20236604986897266
Steward Hills,17352.0,-31.104499335668557,9.153793235116252,0.045758414015675423,799.7896835329876,8.692005924621542,0.03302213001383126,13.3224541429475,5.009460078288632,0.4533195020746888,203.19025295439008,25.99950671095916,0.40992392807745504,70.8590822407628,5.491870286477035,0.03296449976947902,1,-0.1664634071023717,-1.6101844486889916
Sushila,10952.0,-37.1086588871977,10.242749974531273,0.46009861212563913,794.226847826087,8.252668878618291,0.8319941563184806,8.84833723653396,3.610603934690071,0.4151753104455807,125.1906584992343,157.58568241213112,0.4037618699780862,69.24367468500381,11.900413577451879,1.0,2,-2.0636793385025705,0.2875651172241894
Sutton,17784.0,-20.371367817228762,7.627612399578814,0.43145524066576696,879.1446932630786,10.123446994178822,0.4023841655420603,14.720227765726685,4.353180363929296,0.7926225820962663,192.57781201849,40.34684564131076,0.7445456590193432,75.61614300193494,12.142130595519133,0.3897323436797121,1,-0.595072970207314,1.947020572200392
Swithinbank,41152.0,-21.985168298998087,10.432999028181,0.5682834370139969,867.5005142293604,10.30838309221068,0.6550349922239502,8.075503039195137,3.811667039666073,0.5362558320373251,181.82266562591474,161.75438559792582,0.5018954121306376,74.24526471208605,9.980828333717506,0.6543788880248833,3,-0.654408568050559,1.3074789502574806
Taishan,24968.0,-36.160415017001256,10.041445964132665,0.14013937840435758,699.2719826009187,9.188953522303272,0.014778917013777636,10.319871950725343,2.8592342046919192,0.011614867029798142,78.09250239373881,26.78507486686743,0.037928548542133934,66.70056357801846,5.1533613926072315,0.0015219480935597565,2,-0.47615084236655164,-4.003451381293282
Theresa,79384.0,-22.36515767131595,8.158582715143133,0.16910208606268265,815.9910963817393,9.107516774693861,0.12196412375289731,9.760522093983148,4.202884914139162,0.1912350095737176,91.12192550441225,38.72677519682074,0.12779653330645974,74.16494869034804,11.976566460440685,0.12230424266854782,0,0.5104616452538515,-1.8767844388584487
Thurston Island,32144.0,-10.945132199221154,7.374099400258692,0.08928571428571429,952.5175969696021,12.881588614674985,0.00625311100049776,6.030587963497748,5.977038244170867,0.7306806869089099,169.94408331122312,109.86802149282725,0.5309855649576904,81.74810640711333,12.327908537622235,0.14979467396714782,0,2.8971404398507343,1.0879581991377283
Tiffany,5848.0,-22.696399345335514,12.32391183257669,0.37311901504787964,985.0619865571322,10.301750238492964,0.08413132694938441,3.141586715867159,2.5518501439736916,0.536593707250342,181.65007824726135,96.46140679938198,0.4536593707250342,53.63422680412371,16.357530421021295,0.17065663474692203,0,0.6446152180035135,-0.610068911324
Tom,9016.0,-18.172843917492287,11.904039640530483,0.31710292812777285,978.4243523316062,10.369604300970474,0.165150842945874,5.875644141954304,5.335135506953733,0.3155501330967169,180.56919763058696,69.29099420998011,0.17613132209405502,73.58721054032472,12.732932223771702,0.1665927240461402,0,1.3083607348915107,-0.8220023384548636
Tombstone Hill,20656.0,-17.453510415518572,7.815424057848514,0.1215143299767622,905.1014555045423,9.5034159695045,0.008810999225406662,4.433817784028754,5.200889583015737,0.38042215336948104,195.36277873070327,95.3848655762072,0.15327265685515104,65.9840406309518,17.87162517915365,0.00866576297443842,0,2.2684605827381645,-1.096247292196826
Toney Mountain,20584.0,-20.13912471435496,7.90423557751456,0.2984356781966576,839.4919069828549,11.179345769742602,0.2604450058297707,12.328956582633053,8.670721216053517,0.861251457442674,168.76132784104678,67.4374234775773,0.7995044694908667,78.46569664323721,7.431921330106009,0.2604450058297707,1,0.1316066193028968,1.9894152292874372
Traverse Mountains,1720.0,-11.07780628608082,5.121475092481947,0.0936046511627907,859.5281764705882,11.100510896807167,0.011627906976744186,7.950282485875707,4.772531255585081,0.3825581395348837,106.08238851095994,124.71300796938459,0.23081395348837208,81.66341176470587,13.610333993463728,0.011627906976744186,0,3.0301368651505642,-0.5774035532231093
Up Thwaites Glacier,30128.0,-25.523573915061494,10.310747722846488,0.2848844928305895,827.7563929652476,10.397859623182983,0.13372942113648434,5.680583650067642,3.5889266903663932,0.48476500265533723,135.27672357385046,91.67709500782642,0.44201407328730746,82.11274378328672,4.783423258771934,0.13372942113648434,0,0.2357777891818322,-1.0876859852842746
Uranus Glacier,49672.0,-11.229006645084343,7.583177555685197,0.4092245128039942,899.290213285621,12.467432436405083,0.2911298115638589,5.39163974352602,3.8354557016929713,0.5949629569979062,199.18342783976587,138.14575725845302,0.4496899661781285,69.24367468500381,11.900413577451879,1.0,3,1.049389451241565,1.6779639174427372
Vernadsky Station,23048.0,-3.0350887967654434,4.590418278255109,0.1522474835126692,986.4273786585925,13.237581234145917,0.054234640749739674,4.0924444187123665,3.214444377267202,0.25060742797639707,164.36119534383255,111.45768450486666,0.11289482818465811,82.03322324664006,11.049591811138244,0.054104477611940295,0,4.202017830058621,-0.3283173857809491
Virginia,17224.0,-18.08839961880559,9.411824951064796,0.08615884811890386,979.0746944361797,9.839710910607492,0.02432652113330237,22.04185176525602,13.68104795292655,0.7516836971667441,327.6361800113113,25.7220969224232,0.2814096609382257,56.090734784760016,14.962074262550047,0.06130980027868091,1,1.4898017614568426,1.7762803289009212
Vito,52352.0,-26.281198733257188,13.672148461157148,0.2641350855745721,981.1596100402411,10.935856170784907,0.14083511613691932,4.936027792728875,2.996347222342344,0.21924663814180928,209.01832861584148,63.098125649544336,0.1766885696821516,74.01661697687295,12.77555721635009,0.10303331295843521,0,1.0297622008504244,-1.5955191430481421
Welch Mountains,14536.0,-15.254418853776112,5.322664620561983,0.7431205283434232,810.1551987060999,9.694028847292817,0.7022564667033572,4.6440219142765065,4.300125446362223,0.7865299944964227,175.2848365691816,84.16827282327455,0.720074298293891,74.17539279112754,15.025093326618547,0.7022564667033572,3,-0.9939389669756759,2.701448164219564
Westhaven Nunatak,23576.0,-31.76585892218523,9.516514486911818,0.3120970478452664,733.7538280811073,10.236263629544705,0.16953681710213778,6.769632542706157,3.9308827893491824,0.6548608754665762,217.53564786112833,69.43394686546416,0.589497794367153,77.73088513202921,7.695894888091014,0.16953681710213778,2,-0.5042452793172825,-0.415370464664648
Whichaway_Nunata,17248.0,-26.687547071808854,9.612540140933909,0.10702690166975881,840.6291729989869,8.443712275603893,0.08441558441558442,14.115430597771022,6.525471111053483,0.4277597402597403,106.95855009229737,43.05794585979826,0.3090213358070501,72.18113601823708,7.052552176742559,0.08441558441558442,1,-0.04690575569691823,-1.3912316908682332
White Island,67456.0,-18.96591446590461,8.027144941182454,0.6991223908918406,893.3524971352178,10.424891494403976,0.6895161290322581,8.781707198914834,7.0660627551970725,0.8469965607210627,202.62621241379307,62.15698583530879,0.7313063330170778,67.63615619160028,17.781238780333027,0.6985590607210627,1,-1.1530710698874609,3.464942500935906
White Out,248.0,-6.513274336283186,3.012933561710567,0.5443548387096774,984.0298387096775,7.904966714623482,0.0,2.6695278969957084,1.7759330331482164,0.06048387096774194,185.35887096774192,100.1844263007682,0.0,64.58196721311475,20.549785041453585,0.016129032258064516,0,2.7141443011195867,-1.2201284836724626
Whitlock,116880.0,-17.169583745224294,9.057635780384421,0.3595311430527036,953.8004142741026,10.430208357949898,0.34738193018480495,4.681376405055204,2.8978840658437504,0.5714664613278576,195.9405205090023,101.5057136230428,0.4943874058863792,80.37982087258906,10.180711707332334,0.576813826146475,3,0.34892831380693606,0.8525991260536748
Whitmore Mountains,28992.0,-27.364648533508113,6.915473888537533,0.1579746136865342,718.8282927014795,9.494657555711774,0.093094646799117,9.36670916741043,6.079384072989047,0.7294770971302428,121.87009919697685,127.34132390042572,0.6348992825607064,79.44579752034684,8.905907589815117,0.09306015452538631,0,0.29635235029479406,-0.0432421026289444
Willie Field,87664.0,-21.079809764875712,11.52309639933042,0.4231497536046724,988.4770599786618,10.72120151943876,0.2622627304252601,3.5465282175451667,2.4101306743755595,0.3875479102025917,109.00217128871691,93.73595033425268,0.31019574739916045,67.6281022737072,14.061683249920454,0.2063104581127943,0,0.5295793981635583,-0.582046126332872
Wilson Nunatak,29008.0,-22.353214711194806,8.42651132695664,0.10297159404302261,905.2174662389017,9.087908384371035,0.07591009376723662,10.557559981892258,4.917434357257636,0.39078874793160506,213.29369040192495,44.89825070019803,0.22635135135135134,71.89310229053197,8.516535491674755,0.07591009376723662,0,0.9852677450762973,-1.2044797373372107
Windless Bight,113960.0,-21.00647082281005,11.5241050732909,0.6699280449280449,985.6608903265558,10.661159543139394,0.4872937872937873,2.543680512662137,1.62196217785255,0.5453843453843454,147.90922589255922,113.30778331238847,0.5266233766233767,67.29196175774736,15.67501585154095,0.5475078975078975,3,-0.601731254495431,1.0271061531307628
Wormold,3352.0,-6.139362075008762,5.2617746687251605,0.14886634844868735,949.4547904191617,11.95579625942385,0.003579952267303103,4.129380846325167,3.7065098847256297,0.3302505966587112,225.42049517284335,124.97328351664726,0.042064439140811455,84.85256185405576,12.615899477457953,0.04743436754176611,0,4.0553927681965645,-0.4851887139178074
Young Island,20456.0,-8.08810688471928,7.561245998466291,0.33041650371529135,979.3308016294967,12.464092132758868,0.2919925694172859,6.8661622966688824,4.199626637025098,1.0,164.65655650730216,77.2700526608866,1.0,69.24367468500381,11.900413577451879,1.0,3,0.41651540525530983,3.263456367751367
Zhongshan,93032.0,-10.19544235924933,7.790900846572887,0.25826597299853815,984.8246113150508,9.702128037955795,0.20354286697050478,6.227282630772356,4.278547098221636,0.4178454725255826,95.5526808709904,67.14717395327182,0.26545704703757844,56.34908226929774,15.115874922791257,0.407343709691289,0,0.9677828729796804,-0.1301410091732199
Zoraida,101792.0,-21.786499110022618,10.041544924398456,0.26594427852876457,910.2745756644064,9.937828166449995,0.5334996856334486,23.66013071895425,15.022274561082918,0.8121168657654826,298.67150051049543,71.37499714362974,0.4323031279471864,37.261079534162725,17.64890411799454,0.5056782458346432,1,-0.5541652823028355,3.48882472298408
aws04,17528.0,-18.768170972448715,11.620291610338644,0.3352921040620721,979.3844501366121,9.625641276428553,0.16476494751255136,5.077323174016779,3.9962192848950853,0.2587288909173893,135.63604419101924,77.88343643183518,0.9199566408032862,93.89965462753952,5.944356007453386,0.2417845732542218,3,0.3459584264481025,-0.23089294682486106
aws05,49672.0,-16.412768049155144,8.196203209245711,0.213641488162345,943.1584958084867,9.04182166803303,0.06820744081172492,6.567457162440027,4.006285184711178,0.1481921404412949,88.36645923215553,62.12822098320197,0.2627234659365437,82.32683332947362,12.124832626674086,0.13067724271219197,0,1.4157511961715823,-1.481808210240472
aws06,35064.0,-20.352966178128526,8.596415438381877,0.24110198494182067,855.1342016624949,8.458381872796672,0.07708761122518823,6.633390219888415,3.430317713423629,0.1310175678758841,69.22587048294494,50.65881276428933,0.324435318275154,77.34682462735786,13.037274191990203,0.1351813826146475,0,0.5750851639603275,-1.9473308702905943
aws08,17528.0,-38.9740400977995,11.761541655289577,0.4166476494751255,718.5559027777779,8.165807088156393,0.17024189867640346,5.251876175321858,2.5699432059641962,0.21120492925604747,74.15942902319044,89.87534854719291,0.675262437243268,94.25024262346405,6.459576622223324,0.2710520310360566,2,-1.5509169836835388,-2.090949253102726
aws09,64280.0,-43.7691766125436,12.969362289595406,0.40692283758556314,676.6677297204596,8.506546402589096,0.09287492221530803,4.427194601120862,2.3923127523775354,0.13669881767268202,87.61215734366628,77.10847891140055,0.24520846297448662,95.172291047322,5.64026573860309,0.3615743621655258,2,-1.62083388718666,-3.1828735926741922
aws10,32144.0,-24.73643444871092,8.616975223512958,0.48957814833250374,879.593164737593,9.410305360147545,0.4113675958188153,3.7440895981542015,2.9297442364611377,0.6763937282229965,148.32635320119778,89.99320445660527,0.5636510701841713,95.34473390557939,8.981966418835967,0.8550273768043802,3,-0.6881095604643619,0.9018736265805388
aws11,35304.0,-17.373636427492713,6.89869003522944,0.19349082256968048,901.8778170241076,9.169548829275596,0.105852028098799,8.44055312580396,6.444941730627409,0.22929413097665988,150.1079169686303,65.15429164743993,0.4528098799002946,85.56495965450618,17.11700665418844,0.5015295717199184,0,1.4102414739108782,0.030368488725773135
aws12,29224.0,-55.04779033515198,14.323020023181467,0.5609772789488092,868.1840416341008,10.311997785696992,1.0,4.363954492686324,1.7954891498010128,0.26310566657541745,159.5432972809928,144.2210690274243,0.20589241719134957,91.84575136293743,4.580429833123054,0.2656378319189707,2,-1.8805083169066437,-1.1930766512675293
aws13,26304.0,-54.88491231057381,13.410386585397967,0.3301779197080292,868.1840416341008,10.311997785696992,1.0,4.481285444234405,2.0103686369979137,0.9798889902676399,182.6485233570863,155.03266664904436,0.9039689781021898,92.06312087912089,5.613945539047326,0.4810675182481752,3,-2.4827157530912505,1.26377245563247
aws14,20448.0,-16.070698777324935,10.658460916081603,0.34003325508607196,985.7044046183009,11.863470158868168,0.14862089201877934,3.8086578685258963,2.563986085071515,0.21439749608763695,175.90494656952032,90.4392435471151,0.19454225352112675,93.6591221233733,8.120523267686673,0.33484937402190923,0,1.9478516673934494,-0.8607206963104567
aws15,17528.0,-16.03004801721997,10.585768060265876,0.3108740301232314,985.6122994900323,11.68871499092843,0.38469876768598815,3.8647316244158056,2.7382753727586677,0.19431766316750343,175.51893088626596,90.17173372069634,0.16379507074395253,94.7639593867232,6.543968075192287,0.3004335919671383,0,1.7292724483040744,-0.7493827977740793
aws16,23376.0,-18.312384138481374,6.456500416669381,0.3030886379192334,827.3819160958905,9.085561890366026,0.25051334702258726,4.695854500197997,3.11430358132612,0.24379705681040384,137.97036406619384,60.500121397332705,0.18570328542094455,55.65037863222776,21.84963844827661,0.27126112251882273,0,0.8797948321608955,-1.041810402469028
aws17,15168.0,-15.652555272108842,10.058973471539591,0.22468354430379747,986.4095199454483,11.877496326526996,0.03316191983122363,3.998051746843288,3.555107146379253,0.14893196202531644,179.21275846377867,76.70919699027951,0.2755801687763713,88.77806967181317,12.261039589050768,0.15025052742616032,0,2.5741625112138284,-1.0126345223087971
