source,budget,seed,custom_ppo_loss,validation_static_loss,feasible_static_loss,round_robin_loss,aoi_loss,random_loss,best_original_fair_policy,best_original_fair_loss,best_constrained_policy,best_constrained_loss,win_validation_static,win_feasible_static,win_best_original_fair,win_best_constrained,always_on_sensor_count,always_off_sensor_count,mid_duty_sensor_count,switches_per_step
base_no_warmup,1.65,41,0.11756132644586614,0.1449439144222803,0.1449439144222803,0.11476563250986753,0.11701399028061132,0.12075264775406443,round_robin,0.11476563250986753,,,True,True,False,,,,,
base_no_warmup,1.65,42,0.13909612967836438,0.13902079365743703,0.13902079365743703,0.14209825686217906,0.14890269815805368,0.1512835850310997,validation_selected_static,0.13902079365743703,,,False,False,False,,,,,
base_no_warmup,1.65,43,0.14407895868619866,0.17054712722286544,0.17054712722286544,0.14030359639400558,0.13941243984057414,0.14465470663102073,aoi,0.13941243984057414,,,True,True,False,,1,3,4,0.16168810027673775
base_no_warmup,1.65,44,0.13842239429565475,0.1472516970200862,0.16572848858049838,0.14084837261179928,0.13433446157341677,0.13970934417617778,aoi,0.13433446157341677,,,True,True,False,,0,2,4,0.16433338759563731
base_no_warmup,1.65,45,0.13089699171268876,0.1601352189630537,0.1601352189630537,0.1278886504357312,0.13012408419581334,0.13394961155609053,round_robin,0.1278886504357312,,,True,True,False,,1,3,4,0.15159531173693636
base_no_warmup,1.65,46,0.14412667289555733,0.14914125937624098,0.14914125937624098,0.14294033157239028,0.14034477125157233,0.14750076470742593,aoi,0.14034477125157233,,,True,True,False,,1,3,4,0.23420966954256878
base_no_warmup,1.65,47,0.13469800134589605,0.14792320002864776,0.15964154651434606,0.12805229155704487,0.13461530263339228,0.1370542438511014,round_robin,0.12805229155704487,,,True,True,False,,1,3,4,0.1708855608009116
base_no_warmup,1.65,48,0.12263291579317108,0.1284920426357227,0.1284920426357227,0.11846356624785888,0.11679865280651332,0.1204755120864623,aoi,0.11679865280651332,,,True,True,False,,1,3,4,0.178658635845678
base_no_warmup,1.65,49,0.12057335159261129,0.1247289983596905,0.14668445622858903,0.11753778067244032,0.11495103987423742,0.11779685435067222,aoi,0.11495103987423742,,,True,True,False,,1,3,4,0.150822073905258
base_no_warmup,1.65,50,0.13033995077269842,0.13308296568478303,0.13308296568478303,0.12970034363358232,0.1281210833312798,0.13273118040190943,aoi,0.1281210833312798,,,True,True,False,,1,3,4,0.18968744912909002
base_no_warmup,1.7,41,0.12376153111805858,0.13483764955769098,0.14912930463500138,0.11569271854841645,0.11713776962430227,0.11980204552188904,round_robin,0.11569271854841645,,,True,True,False,,1,3,4,0.09246296597753541
base_no_warmup,1.7,42,0.13620373215993217,0.13985699440005797,0.13985699440005797,0.1368162148034268,0.1421904869342446,0.14423983337716587,round_robin,0.1368162148034268,,,True,True,True,,2,4,2,0.07927722611102067
base_no_warmup,1.7,43,0.13419247889639033,0.1442262834571011,0.1615820309937893,0.13452292897697285,0.13390967555430203,0.1371728728487748,aoi,0.13390967555430203,,,True,True,False,,1,3,4,0.149072114601986
base_no_warmup,1.7,44,0.1332958030567776,0.1560166792411716,0.1560166792411716,0.1349343971669441,0.13317881653711083,0.13738723654690452,aoi,0.13317881653711083,,,True,True,False,,1,3,4,0.12282272505290574
base_no_warmup,1.7,45,0.12826039823721658,0.15624916615767384,0.15624916615767384,0.12761003513393612,0.1276535630804574,0.1322434017699076,round_robin,0.12761003513393612,,,True,True,False,,1,3,4,0.1497639589776982
base_no_warmup,1.7,46,0.14718234931782112,0.1522750065475217,0.1522750065475217,0.1422199246865906,0.1417014598418973,0.1433112574571472,aoi,0.1417014598418973,,,True,True,False,,1,3,4,0.13332248087253784
base_no_warmup,1.7,47,0.13092485909085858,0.1556890352518773,0.1556890352518773,0.1243214806636388,0.13313223313950098,0.13575615422693468,round_robin,0.1243214806636388,,,True,True,False,,1,3,4,0.17532150415106626
base_no_warmup,1.7,48,0.12197895931634169,0.12281529630763544,0.12281529630763544,0.11696817586501614,0.11709382420728313,0.1190791164493324,round_robin,0.11696817586501614,,,True,True,False,,1,3,4,0.15949047696565197
base_no_warmup,1.7,49,0.12214647516096495,0.15229531925797346,0.15229531925797346,0.11696415250177476,0.11562551366235614,0.11936765731813163,aoi,0.11562551366235614,,,True,True,False,,1,3,4,0.12156112648543058
base_no_warmup,1.7,50,0.1253122496367117,0.13398492883728372,0.13398492883728372,0.12768732655786152,0.12899107482917316,0.13180779881683216,round_robin,0.12768732655786152,,,True,True,True,,1,3,4,0.1864317108904444
base_no_warmup,1.75,41,0.12657568368225233,0.1447492428321008,0.1447492428321008,0.11507163811529608,0.11858778380549968,0.12176902372751404,round_robin,0.11507163811529608,,,True,True,False,,1,3,2,0.07451570893700146
base_no_warmup,1.75,42,0.1476188454965571,0.14626992198888425,0.14626992198888425,0.14717753095889444,0.15152332160747997,0.1548931173517,validation_selected_static,0.14626992198888425,,,False,False,False,,1,3,4,0.16054859189321177
base_no_warmup,1.75,43,0.13408166691078804,0.13765311633111801,0.16041414342240992,0.13550022837625875,0.13593744566120827,0.13712958039832301,round_robin,0.13550022837625875,,,True,True,True,,1,3,4,0.15505453361549731
base_no_warmup,1.75,44,0.13572970170268187,0.14458269172124952,0.14458269172124952,0.1375224538223847,0.138530303519777,0.13924551781807773,round_robin,0.1375224538223847,,,True,True,True,,0,2,4,0.1099218622822725
base_no_warmup,1.75,45,0.12814633868098704,0.15203521691182686,0.15203521691182686,0.1279084086503038,0.13127055205344126,0.13427781702618327,round_robin,0.1279084086503038,,,True,True,False,,1,3,4,0.1361305551033697
base_no_warmup,1.75,46,0.1389053279217478,0.14334054751998337,0.14334054751998337,0.14067797835741658,0.1372471375780151,0.14057258185008928,aoi,0.1372471375780151,,,True,True,False,,1,3,4,0.1573742471105323
base_no_warmup,1.75,47,0.12883277882277375,0.15142361022117257,0.15142361022117257,0.12479468014741239,0.13328928150682864,0.1351963525694373,round_robin,0.12479468014741239,,,True,True,False,,1,3,4,0.18740843236203808
hard_duty_reduced,1.7,41,0.12074441738847479,0.13701700315141352,0.1467665877962645,0.11337684228540941,0.11704949304112233,0.11889145550897713,round_robin,0.11337684228540941,duty_constrained_feasible_static_projected,0.11779823836453336,True,True,False,False,0,0,8,0.34604427804004556
hard_duty_reduced,1.7,42,0.1451345385867171,0.1424569044089973,0.1424569044089973,0.14260619520640225,0.14739074463795987,0.14900627518181864,validation_selected_static,0.1424569044089973,duty_constrained_feasible_static_projected,0.14719822998449672,False,False,False,True,0,0,8,0.27380758587009607
hard_duty_reduced,1.7,43,0.13744786135976028,0.14597409306831347,0.16462611141287198,0.13406290736596324,0.13502439310802097,0.13795914752154204,round_robin,0.13406290736596324,duty_constrained_aoi,0.1364817668991236,True,True,False,False,0,0,8,0.3173530848119811
hard_duty_envdwell12_reduced,1.7,41,0.13288628076134046,0.1376480360934996,0.14642289240752385,0.15887082501224845,0.14168204493701828,0.14657663419529854,validation_selected_static,0.1376480360934996,duty_constrained_round_robin,0.13428784605760788,True,True,True,True,0,0,8,0.024377340061859026
hard_duty_envdwell12_reduced,1.7,42,0.14962018489435044,0.1381376235810118,0.1381376235810118,0.15463244139391463,0.1665980854565229,0.16194750495621216,validation_selected_static,0.1381376235810118,duty_constrained_feasible_static_projected,0.16070904827271684,False,False,False,True,0,0,8,0.026859840468826307
hard_duty_envdwell12_reduced,1.7,43,0.1407023681137313,0.14409839780091716,0.15434348025216119,0.16881098281070686,0.15017216791723817,0.15004771245488277,validation_selected_static,0.14409839780091716,duty_constrained_aoi,0.15180135018908913,True,True,True,True,0,0,8,0.029383037603776658
