track,evidence_type,budget,seed,policy,policy_family,oracle_loss_mean,rank_by_loss,delta_to_best,delta_to_learned,switches_per_step,always_on_sensor_count,always_off_sensor_count,mid_duty_sensor_count,duty_pass,source_csv,source_run_dir
base_no_warmup,split_train_eval,1.650000,41,round_robin,dynamic_heuristic,0.114766,1,0.000000,-0.002796,,,,,,reports/v31_split_protocol_no_warmup/raw/budget1p65_seed41/v2_custom_ppo_metrics.csv,
base_no_warmup,split_train_eval,1.650000,41,aoi,dynamic_heuristic,0.117014,2,0.002248,-0.000547,,,,,,reports/v31_split_protocol_no_warmup/raw/budget1p65_seed41/v2_custom_ppo_metrics.csv,
base_no_warmup,split_train_eval,1.650000,41,custom_ppo,learned,0.117561,3,0.002796,0.000000,,,,,,reports/v31_split_protocol_no_warmup/raw/budget1p65_seed41/v2_custom_ppo_metrics.csv,
base_no_warmup,split_train_eval,1.650000,41,random,random,0.120753,4,0.005987,0.003191,,,,,,reports/v31_split_protocol_no_warmup/raw/budget1p65_seed41/v2_custom_ppo_metrics.csv,
base_no_warmup,split_train_eval,1.650000,41,validation_selected_static,static,0.144944,5,0.030178,0.027383,,,,,,reports/v31_split_protocol_no_warmup/raw/budget1p65_seed41/v2_custom_ppo_metrics.csv,
base_no_warmup,split_train_eval,1.650000,41,feasible_static_projected,static,0.144944,6,0.030178,0.027383,,,,,,reports/v31_split_protocol_no_warmup/raw/budget1p65_seed41/v2_custom_ppo_metrics.csv,
base_no_warmup,split_train_eval,1.650000,42,validation_selected_static,static,0.139021,1,0.000000,-0.000075,,,,,,reports/v31_split_protocol_no_warmup/raw/budget1p65_seed42/v2_custom_ppo_metrics.csv,
base_no_warmup,split_train_eval,1.650000,42,feasible_static_projected,static,0.139021,2,0.000000,-0.000075,,,,,,reports/v31_split_protocol_no_warmup/raw/budget1p65_seed42/v2_custom_ppo_metrics.csv,
base_no_warmup,split_train_eval,1.650000,42,custom_ppo,learned,0.139096,3,0.000075,0.000000,,,,,,reports/v31_split_protocol_no_warmup/raw/budget1p65_seed42/v2_custom_ppo_metrics.csv,
base_no_warmup,split_train_eval,1.650000,42,round_robin,dynamic_heuristic,0.142098,4,0.003077,0.003002,,,,,,reports/v31_split_protocol_no_warmup/raw/budget1p65_seed42/v2_custom_ppo_metrics.csv,
base_no_warmup,split_train_eval,1.650000,42,aoi,dynamic_heuristic,0.148903,5,0.009882,0.009807,,,,,,reports/v31_split_protocol_no_warmup/raw/budget1p65_seed42/v2_custom_ppo_metrics.csv,
base_no_warmup,split_train_eval,1.650000,42,random,random,0.151284,6,0.012263,0.012187,,,,,,reports/v31_split_protocol_no_warmup/raw/budget1p65_seed42/v2_custom_ppo_metrics.csv,
base_no_warmup,split_train_eval,1.650000,43,aoi,dynamic_heuristic,0.139412,1,0.000000,-0.004667,,,,,,reports/v31_split_protocol_no_warmup/raw/budget1p65_seed43/v2_custom_ppo_metrics.csv,
base_no_warmup,split_train_eval,1.650000,43,round_robin,dynamic_heuristic,0.140304,2,0.000891,-0.003775,,,,,,reports/v31_split_protocol_no_warmup/raw/budget1p65_seed43/v2_custom_ppo_metrics.csv,
base_no_warmup,split_train_eval,1.650000,43,custom_ppo,learned,0.144079,3,0.004667,0.000000,,,,,,reports/v31_split_protocol_no_warmup/raw/budget1p65_seed43/v2_custom_ppo_metrics.csv,
base_no_warmup,split_train_eval,1.650000,43,random,random,0.144655,4,0.005242,0.000576,,,,,,reports/v31_split_protocol_no_warmup/raw/budget1p65_seed43/v2_custom_ppo_metrics.csv,
base_no_warmup,split_train_eval,1.650000,43,validation_selected_static,static,0.170547,5,0.031135,0.026468,,,,,,reports/v31_split_protocol_no_warmup/raw/budget1p65_seed43/v2_custom_ppo_metrics.csv,
base_no_warmup,split_train_eval,1.650000,43,feasible_static_projected,static,0.170547,6,0.031135,0.026468,,,,,,reports/v31_split_protocol_no_warmup/raw/budget1p65_seed43/v2_custom_ppo_metrics.csv,
base_no_warmup,split_train_eval,1.650000,44,aoi,dynamic_heuristic,0.134334,1,0.000000,-0.004088,0.562347,0,1,7,False,reports/v31_split_protocol_no_warmup/raw/budget1p65_seed44/v2_custom_ppo_metrics.csv,
base_no_warmup,split_train_eval,1.650000,44,custom_ppo,learned,0.138422,2,0.004088,0.000000,0.164333,0,2,4,False,reports/v31_split_protocol_no_warmup/raw/budget1p65_seed44/v2_custom_ppo_metrics.csv,
base_no_warmup,split_train_eval,1.650000,44,random,random,0.139709,3,0.005375,0.001287,0.374817,0,0,7,True,reports/v31_split_protocol_no_warmup/raw/budget1p65_seed44/v2_custom_ppo_metrics.csv,
base_no_warmup,split_train_eval,1.650000,44,round_robin,dynamic_heuristic,0.140848,4,0.006514,0.002426,0.250000,0,0,8,True,reports/v31_split_protocol_no_warmup/raw/budget1p65_seed44/v2_custom_ppo_metrics.csv,
base_no_warmup,split_train_eval,1.650000,44,validation_selected_static,static,0.147252,5,0.012917,0.008829,0.000000,3,5,0,False,reports/v31_split_protocol_no_warmup/raw/budget1p65_seed44/v2_custom_ppo_metrics.csv,
base_no_warmup,split_train_eval,1.650000,44,feasible_static_projected,static,0.165728,6,0.031394,0.027306,0.000000,3,5,0,False,reports/v31_split_protocol_no_warmup/raw/budget1p65_seed44/v2_custom_ppo_metrics.csv,
base_no_warmup,split_train_eval,1.650000,45,round_robin,dynamic_heuristic,0.127889,1,0.000000,-0.003008,0.250000,0,0,8,True,reports/v31_split_protocol_no_warmup/raw/budget1p65_seed45/v2_custom_ppo_metrics.csv,
base_no_warmup,split_train_eval,1.650000,45,aoi,dynamic_heuristic,0.130124,2,0.002235,-0.000773,0.562185,0,1,7,False,reports/v31_split_protocol_no_warmup/raw/budget1p65_seed45/v2_custom_ppo_metrics.csv,
base_no_warmup,split_train_eval,1.650000,45,custom_ppo,learned,0.130897,3,0.003008,0.000000,0.151595,1,3,4,False,reports/v31_split_protocol_no_warmup/raw/budget1p65_seed45/v2_custom_ppo_metrics.csv,
base_no_warmup,split_train_eval,1.650000,45,random,random,0.133950,4,0.006061,0.003053,0.387270,0,0,8,True,reports/v31_split_protocol_no_warmup/raw/budget1p65_seed45/v2_custom_ppo_metrics.csv,
base_no_warmup,split_train_eval,1.650000,45,validation_selected_static,static,0.160135,5,0.032247,0.029238,0.000000,3,5,0,False,reports/v31_split_protocol_no_warmup/raw/budget1p65_seed45/v2_custom_ppo_metrics.csv,
base_no_warmup,split_train_eval,1.650000,45,feasible_static_projected,static,0.160135,6,0.032247,0.029238,0.000000,3,5,0,False,reports/v31_split_protocol_no_warmup/raw/budget1p65_seed45/v2_custom_ppo_metrics.csv,
base_no_warmup,split_train_eval,1.650000,46,aoi,dynamic_heuristic,0.140345,1,0.000000,-0.003782,0.562347,0,1,7,False,reports/v31_split_protocol_no_warmup/raw/budget1p65_seed46/v2_custom_ppo_metrics.csv,
base_no_warmup,split_train_eval,1.650000,46,round_robin,dynamic_heuristic,0.142940,2,0.002596,-0.001186,0.250000,0,0,8,True,reports/v31_split_protocol_no_warmup/raw/budget1p65_seed46/v2_custom_ppo_metrics.csv,
base_no_warmup,split_train_eval,1.650000,46,custom_ppo,learned,0.144127,3,0.003782,0.000000,0.234210,1,3,4,False,reports/v31_split_protocol_no_warmup/raw/budget1p65_seed46/v2_custom_ppo_metrics.csv,
base_no_warmup,split_train_eval,1.650000,46,random,random,0.147501,4,0.007156,0.003374,0.385724,0,0,8,True,reports/v31_split_protocol_no_warmup/raw/budget1p65_seed46/v2_custom_ppo_metrics.csv,
base_no_warmup,split_train_eval,1.650000,46,validation_selected_static,static,0.149141,5,0.008796,0.005015,0.000000,3,5,0,False,reports/v31_split_protocol_no_warmup/raw/budget1p65_seed46/v2_custom_ppo_metrics.csv,
base_no_warmup,split_train_eval,1.650000,46,feasible_static_projected,static,0.149141,6,0.008796,0.005015,0.000000,3,5,0,False,reports/v31_split_protocol_no_warmup/raw/budget1p65_seed46/v2_custom_ppo_metrics.csv,
base_no_warmup,split_train_eval,1.650000,47,round_robin,dynamic_heuristic,0.128052,1,0.000000,-0.006646,0.250000,0,0,8,True,reports/v31_split_protocol_no_warmup/raw/budget1p65_seed47/v2_custom_ppo_metrics.csv,
base_no_warmup,split_train_eval,1.650000,47,aoi,dynamic_heuristic,0.134615,2,0.006563,-0.000083,0.562429,0,1,7,False,reports/v31_split_protocol_no_warmup/raw/budget1p65_seed47/v2_custom_ppo_metrics.csv,
base_no_warmup,split_train_eval,1.650000,47,custom_ppo,learned,0.134698,3,0.006646,0.000000,0.170886,1,3,4,False,reports/v31_split_protocol_no_warmup/raw/budget1p65_seed47/v2_custom_ppo_metrics.csv,
base_no_warmup,split_train_eval,1.650000,47,random,random,0.137054,4,0.009002,0.002356,0.364765,0,0,8,True,reports/v31_split_protocol_no_warmup/raw/budget1p65_seed47/v2_custom_ppo_metrics.csv,
base_no_warmup,split_train_eval,1.650000,47,validation_selected_static,static,0.147923,5,0.019871,0.013225,0.000000,3,5,0,False,reports/v31_split_protocol_no_warmup/raw/budget1p65_seed47/v2_custom_ppo_metrics.csv,
base_no_warmup,split_train_eval,1.650000,47,feasible_static_projected,static,0.159642,6,0.031589,0.024944,0.000000,3,5,0,False,reports/v31_split_protocol_no_warmup/raw/budget1p65_seed47/v2_custom_ppo_metrics.csv,
base_no_warmup,split_train_eval,1.650000,48,aoi,dynamic_heuristic,0.116799,1,0.000000,-0.005834,0.562429,0,1,7,False,reports/v31_split_protocol_no_warmup/raw/budget1p65_seed48/v2_custom_ppo_metrics.csv,
base_no_warmup,split_train_eval,1.650000,48,round_robin,dynamic_heuristic,0.118464,2,0.001665,-0.004169,0.250000,0,0,8,True,reports/v31_split_protocol_no_warmup/raw/budget1p65_seed48/v2_custom_ppo_metrics.csv,
base_no_warmup,split_train_eval,1.650000,48,random,random,0.120476,3,0.003677,-0.002157,0.368672,0,0,7,True,reports/v31_split_protocol_no_warmup/raw/budget1p65_seed48/v2_custom_ppo_metrics.csv,
base_no_warmup,split_train_eval,1.650000,48,custom_ppo,learned,0.122633,4,0.005834,0.000000,0.178659,1,3,4,False,reports/v31_split_protocol_no_warmup/raw/budget1p65_seed48/v2_custom_ppo_metrics.csv,
base_no_warmup,split_train_eval,1.650000,48,validation_selected_static,static,0.128492,5,0.011693,0.005859,0.000000,3,5,0,False,reports/v31_split_protocol_no_warmup/raw/budget1p65_seed48/v2_custom_ppo_metrics.csv,
base_no_warmup,split_train_eval,1.650000,48,feasible_static_projected,static,0.128492,6,0.011693,0.005859,0.000000,3,5,0,False,reports/v31_split_protocol_no_warmup/raw/budget1p65_seed48/v2_custom_ppo_metrics.csv,
base_no_warmup,split_train_eval,1.650000,49,aoi,dynamic_heuristic,0.114951,1,0.000000,-0.005622,0.498576,0,0,8,True,reports/v31_split_protocol_no_warmup/raw/budget1p65_seed49/v2_custom_ppo_metrics.csv,
base_no_warmup,split_train_eval,1.650000,49,round_robin,dynamic_heuristic,0.117538,2,0.002587,-0.003036,0.250000,0,0,8,True,reports/v31_split_protocol_no_warmup/raw/budget1p65_seed49/v2_custom_ppo_metrics.csv,
base_no_warmup,split_train_eval,1.650000,49,random,random,0.117797,3,0.002846,-0.002776,0.418932,0,0,8,True,reports/v31_split_protocol_no_warmup/raw/budget1p65_seed49/v2_custom_ppo_metrics.csv,
base_no_warmup,split_train_eval,1.650000,49,custom_ppo,learned,0.120573,4,0.005622,0.000000,0.150822,1,3,4,False,reports/v31_split_protocol_no_warmup/raw/budget1p65_seed49/v2_custom_ppo_metrics.csv,
base_no_warmup,split_train_eval,1.650000,49,validation_selected_static,static,0.124729,5,0.009778,0.004156,0.000000,3,5,0,False,reports/v31_split_protocol_no_warmup/raw/budget1p65_seed49/v2_custom_ppo_metrics.csv,
base_no_warmup,split_train_eval,1.650000,49,feasible_static_projected,static,0.146684,6,0.031733,0.026111,0.000000,3,5,0,False,reports/v31_split_protocol_no_warmup/raw/budget1p65_seed49/v2_custom_ppo_metrics.csv,
base_no_warmup,split_train_eval,1.650000,50,aoi,dynamic_heuristic,0.128121,1,0.000000,-0.002219,0.498901,0,0,8,True,reports/v31_split_protocol_no_warmup/raw/budget1p65_seed50/v2_custom_ppo_metrics.csv,
base_no_warmup,split_train_eval,1.650000,50,round_robin,dynamic_heuristic,0.129700,2,0.001579,-0.000640,0.250000,0,0,8,True,reports/v31_split_protocol_no_warmup/raw/budget1p65_seed50/v2_custom_ppo_metrics.csv,
base_no_warmup,split_train_eval,1.650000,50,custom_ppo,learned,0.130340,3,0.002219,0.000000,0.189687,1,3,4,False,reports/v31_split_protocol_no_warmup/raw/budget1p65_seed50/v2_custom_ppo_metrics.csv,
base_no_warmup,split_train_eval,1.650000,50,random,random,0.132731,4,0.004610,0.002391,0.425973,0,0,8,True,reports/v31_split_protocol_no_warmup/raw/budget1p65_seed50/v2_custom_ppo_metrics.csv,
base_no_warmup,split_train_eval,1.650000,50,validation_selected_static,static,0.133083,5,0.004962,0.002743,0.000000,3,5,0,False,reports/v31_split_protocol_no_warmup/raw/budget1p65_seed50/v2_custom_ppo_metrics.csv,
base_no_warmup,split_train_eval,1.650000,50,feasible_static_projected,static,0.133083,6,0.004962,0.002743,0.000000,3,5,0,False,reports/v31_split_protocol_no_warmup/raw/budget1p65_seed50/v2_custom_ppo_metrics.csv,
base_no_warmup,split_train_eval,1.700000,41,round_robin,dynamic_heuristic,0.115693,1,0.000000,-0.008069,0.250000,0,0,8,True,reports/v31_split_protocol_no_warmup/raw/budget1p70_seed41/v2_custom_ppo_metrics.csv,
base_no_warmup,split_train_eval,1.700000,41,aoi,dynamic_heuristic,0.117138,2,0.001445,-0.006624,0.538621,0,0,8,True,reports/v31_split_protocol_no_warmup/raw/budget1p70_seed41/v2_custom_ppo_metrics.csv,
base_no_warmup,split_train_eval,1.700000,41,random,random,0.119802,3,0.004109,-0.003959,0.434315,0,0,8,True,reports/v31_split_protocol_no_warmup/raw/budget1p70_seed41/v2_custom_ppo_metrics.csv,
base_no_warmup,split_train_eval,1.700000,41,custom_ppo,learned,0.123762,4,0.008069,0.000000,0.092463,1,3,4,False,reports/v31_split_protocol_no_warmup/raw/budget1p70_seed41/v2_custom_ppo_metrics.csv,
base_no_warmup,split_train_eval,1.700000,41,validation_selected_static,static,0.134838,5,0.019145,0.011076,0.000000,3,5,0,False,reports/v31_split_protocol_no_warmup/raw/budget1p70_seed41/v2_custom_ppo_metrics.csv,
base_no_warmup,split_train_eval,1.700000,41,feasible_static_projected,static,0.149129,6,0.033437,0.025368,0.000000,3,5,0,False,reports/v31_split_protocol_no_warmup/raw/budget1p70_seed41/v2_custom_ppo_metrics.csv,
base_no_warmup,split_train_eval,1.700000,42,custom_ppo,learned,0.136204,1,0.000000,0.000000,0.079277,2,4,2,False,reports/v31_split_protocol_no_warmup/raw/budget1p70_seed42/v2_custom_ppo_metrics.csv,
base_no_warmup,split_train_eval,1.700000,42,round_robin,dynamic_heuristic,0.136816,2,0.000612,0.000612,0.250000,0,0,8,True,reports/v31_split_protocol_no_warmup/raw/budget1p70_seed42/v2_custom_ppo_metrics.csv,
base_no_warmup,split_train_eval,1.700000,42,validation_selected_static,static,0.139857,3,0.003653,0.003653,0.000000,3,5,0,False,reports/v31_split_protocol_no_warmup/raw/budget1p70_seed42/v2_custom_ppo_metrics.csv,
base_no_warmup,split_train_eval,1.700000,42,feasible_static_projected,static,0.139857,4,0.003653,0.003653,0.000000,3,5,0,False,reports/v31_split_protocol_no_warmup/raw/budget1p70_seed42/v2_custom_ppo_metrics.csv,
base_no_warmup,split_train_eval,1.700000,42,aoi,dynamic_heuristic,0.142190,5,0.005987,0.005987,0.538418,0,0,8,True,reports/v31_split_protocol_no_warmup/raw/budget1p70_seed42/v2_custom_ppo_metrics.csv,
base_no_warmup,split_train_eval,1.700000,42,random,random,0.144240,6,0.008036,0.008036,0.423327,0,0,8,True,reports/v31_split_protocol_no_warmup/raw/budget1p70_seed42/v2_custom_ppo_metrics.csv,
base_no_warmup,split_train_eval,1.700000,43,aoi,dynamic_heuristic,0.133910,1,0.000000,-0.000283,0.538499,0,0,8,True,reports/v31_split_protocol_no_warmup/raw/budget1p70_seed43/v2_custom_ppo_metrics.csv,
base_no_warmup,split_train_eval,1.700000,43,custom_ppo,learned,0.134192,2,0.000283,0.000000,0.149072,1,3,4,False,reports/v31_split_protocol_no_warmup/raw/budget1p70_seed43/v2_custom_ppo_metrics.csv,
base_no_warmup,split_train_eval,1.700000,43,round_robin,dynamic_heuristic,0.134523,3,0.000613,0.000330,0.250000,0,0,8,True,reports/v31_split_protocol_no_warmup/raw/budget1p70_seed43/v2_custom_ppo_metrics.csv,
base_no_warmup,split_train_eval,1.700000,43,random,random,0.137173,4,0.003263,0.002980,0.440990,0,0,8,True,reports/v31_split_protocol_no_warmup/raw/budget1p70_seed43/v2_custom_ppo_metrics.csv,
base_no_warmup,split_train_eval,1.700000,43,validation_selected_static,static,0.144226,5,0.010317,0.010034,0.000000,3,5,0,False,reports/v31_split_protocol_no_warmup/raw/budget1p70_seed43/v2_custom_ppo_metrics.csv,
base_no_warmup,split_train_eval,1.700000,43,feasible_static_projected,static,0.161582,6,0.027672,0.027390,0.000000,3,5,0,False,reports/v31_split_protocol_no_warmup/raw/budget1p70_seed43/v2_custom_ppo_metrics.csv,
base_no_warmup,split_train_eval,1.700000,44,aoi,dynamic_heuristic,0.133179,1,0.000000,-0.000117,0.538621,0,0,8,True,reports/v31_split_protocol_no_warmup/raw/budget1p70_seed44/v2_custom_ppo_metrics.csv,
base_no_warmup,split_train_eval,1.700000,44,custom_ppo,learned,0.133296,2,0.000117,0.000000,0.122823,1,3,4,False,reports/v31_split_protocol_no_warmup/raw/budget1p70_seed44/v2_custom_ppo_metrics.csv,
base_no_warmup,split_train_eval,1.700000,44,round_robin,dynamic_heuristic,0.134934,3,0.001756,0.001639,0.250000,0,0,8,True,reports/v31_split_protocol_no_warmup/raw/budget1p70_seed44/v2_custom_ppo_metrics.csv,
base_no_warmup,split_train_eval,1.700000,44,random,random,0.137387,4,0.004208,0.004091,0.427926,0,0,8,True,reports/v31_split_protocol_no_warmup/raw/budget1p70_seed44/v2_custom_ppo_metrics.csv,
base_no_warmup,split_train_eval,1.700000,44,validation_selected_static,static,0.156017,5,0.022838,0.022721,0.000000,3,5,0,False,reports/v31_split_protocol_no_warmup/raw/budget1p70_seed44/v2_custom_ppo_metrics.csv,
base_no_warmup,split_train_eval,1.700000,44,feasible_static_projected,static,0.156017,6,0.022838,0.022721,0.000000,3,5,0,False,reports/v31_split_protocol_no_warmup/raw/budget1p70_seed44/v2_custom_ppo_metrics.csv,
base_no_warmup,split_train_eval,1.700000,45,round_robin,dynamic_heuristic,0.127610,1,0.000000,-0.000650,0.250000,0,0,8,True,reports/v31_split_protocol_no_warmup/raw/budget1p70_seed45/v2_custom_ppo_metrics.csv,
base_no_warmup,split_train_eval,1.700000,45,aoi,dynamic_heuristic,0.127654,2,0.000044,-0.000607,0.538499,0,0,8,True,reports/v31_split_protocol_no_warmup/raw/budget1p70_seed45/v2_custom_ppo_metrics.csv,
base_no_warmup,split_train_eval,1.700000,45,custom_ppo,learned,0.128260,3,0.000650,0.000000,0.149764,1,3,4,False,reports/v31_split_protocol_no_warmup/raw/budget1p70_seed45/v2_custom_ppo_metrics.csv,
base_no_warmup,split_train_eval,1.700000,45,random,random,0.132243,4,0.004633,0.003983,0.453646,0,0,8,True,reports/v31_split_protocol_no_warmup/raw/budget1p70_seed45/v2_custom_ppo_metrics.csv,
base_no_warmup,split_train_eval,1.700000,45,validation_selected_static,static,0.156249,5,0.028639,0.027989,0.000000,3,5,0,False,reports/v31_split_protocol_no_warmup/raw/budget1p70_seed45/v2_custom_ppo_metrics.csv,
base_no_warmup,split_train_eval,1.700000,45,feasible_static_projected,static,0.156249,6,0.028639,0.027989,0.000000,3,5,0,False,reports/v31_split_protocol_no_warmup/raw/budget1p70_seed45/v2_custom_ppo_metrics.csv,
base_no_warmup,split_train_eval,1.700000,46,aoi,dynamic_heuristic,0.141701,1,0.000000,-0.005481,0.538865,0,0,8,True,reports/v31_split_protocol_no_warmup/raw/budget1p70_seed46/v2_custom_ppo_metrics.csv,
base_no_warmup,split_train_eval,1.700000,46,round_robin,dynamic_heuristic,0.142220,2,0.000518,-0.004962,0.250000,0,0,8,True,reports/v31_split_protocol_no_warmup/raw/budget1p70_seed46/v2_custom_ppo_metrics.csv,
base_no_warmup,split_train_eval,1.700000,46,random,random,0.143311,3,0.001610,-0.003871,0.447990,0,0,8,True,reports/v31_split_protocol_no_warmup/raw/budget1p70_seed46/v2_custom_ppo_metrics.csv,
base_no_warmup,split_train_eval,1.700000,46,custom_ppo,learned,0.147182,4,0.005481,0.000000,0.133322,1,3,4,False,reports/v31_split_protocol_no_warmup/raw/budget1p70_seed46/v2_custom_ppo_metrics.csv,
base_no_warmup,split_train_eval,1.700000,46,validation_selected_static,static,0.152275,5,0.010574,0.005093,0.000000,3,5,0,False,reports/v31_split_protocol_no_warmup/raw/budget1p70_seed46/v2_custom_ppo_metrics.csv,
base_no_warmup,split_train_eval,1.700000,46,feasible_static_projected,static,0.152275,6,0.010574,0.005093,0.000000,3,5,0,False,reports/v31_split_protocol_no_warmup/raw/budget1p70_seed46/v2_custom_ppo_metrics.csv,
base_no_warmup,split_train_eval,1.700000,47,round_robin,dynamic_heuristic,0.124321,1,0.000000,-0.006603,0.250000,0,0,8,True,reports/v31_split_protocol_no_warmup/raw/budget1p70_seed47/v2_custom_ppo_metrics.csv,
base_no_warmup,split_train_eval,1.700000,47,custom_ppo,learned,0.130925,2,0.006603,0.000000,0.175322,1,3,4,False,reports/v31_split_protocol_no_warmup/raw/budget1p70_seed47/v2_custom_ppo_metrics.csv,
base_no_warmup,split_train_eval,1.700000,47,aoi,dynamic_heuristic,0.133132,3,0.008811,0.002207,0.539110,0,0,8,True,reports/v31_split_protocol_no_warmup/raw/budget1p70_seed47/v2_custom_ppo_metrics.csv,
base_no_warmup,split_train_eval,1.700000,47,random,random,0.135756,4,0.011435,0.004831,0.431141,0,0,8,True,reports/v31_split_protocol_no_warmup/raw/budget1p70_seed47/v2_custom_ppo_metrics.csv,
base_no_warmup,split_train_eval,1.700000,47,validation_selected_static,static,0.155689,5,0.031368,0.024764,0.000000,3,5,0,False,reports/v31_split_protocol_no_warmup/raw/budget1p70_seed47/v2_custom_ppo_metrics.csv,
base_no_warmup,split_train_eval,1.700000,47,feasible_static_projected,static,0.155689,6,0.031368,0.024764,0.000000,3,5,0,False,reports/v31_split_protocol_no_warmup/raw/budget1p70_seed47/v2_custom_ppo_metrics.csv,
base_no_warmup,split_train_eval,1.700000,48,round_robin,dynamic_heuristic,0.116968,1,0.000000,-0.005011,0.250000,0,0,8,True,reports/v31_split_protocol_no_warmup/raw/budget1p70_seed48/v2_custom_ppo_metrics.csv,
base_no_warmup,split_train_eval,1.700000,48,aoi,dynamic_heuristic,0.117094,2,0.000126,-0.004885,0.538703,0,0,8,True,reports/v31_split_protocol_no_warmup/raw/budget1p70_seed48/v2_custom_ppo_metrics.csv,
base_no_warmup,split_train_eval,1.700000,48,random,random,0.119079,3,0.002111,-0.002900,0.437286,0,0,8,True,reports/v31_split_protocol_no_warmup/raw/budget1p70_seed48/v2_custom_ppo_metrics.csv,
base_no_warmup,split_train_eval,1.700000,48,custom_ppo,learned,0.121979,4,0.005011,0.000000,0.159490,1,3,4,False,reports/v31_split_protocol_no_warmup/raw/budget1p70_seed48/v2_custom_ppo_metrics.csv,
base_no_warmup,split_train_eval,1.700000,48,validation_selected_static,static,0.122815,5,0.005847,0.000836,0.000000,3,5,0,False,reports/v31_split_protocol_no_warmup/raw/budget1p70_seed48/v2_custom_ppo_metrics.csv,
base_no_warmup,split_train_eval,1.700000,48,feasible_static_projected,static,0.122815,6,0.005847,0.000836,0.000000,3,5,0,False,reports/v31_split_protocol_no_warmup/raw/budget1p70_seed48/v2_custom_ppo_metrics.csv,
base_no_warmup,split_train_eval,1.700000,49,aoi,dynamic_heuristic,0.115626,1,0.000000,-0.006521,0.538743,0,0,8,True,reports/v31_split_protocol_no_warmup/raw/budget1p70_seed49/v2_custom_ppo_metrics.csv,
base_no_warmup,split_train_eval,1.700000,49,round_robin,dynamic_heuristic,0.116964,2,0.001339,-0.005182,0.250000,0,0,8,True,reports/v31_split_protocol_no_warmup/raw/budget1p70_seed49/v2_custom_ppo_metrics.csv,
base_no_warmup,split_train_eval,1.700000,49,random,random,0.119368,3,0.003742,-0.002779,0.438222,0,0,8,True,reports/v31_split_protocol_no_warmup/raw/budget1p70_seed49/v2_custom_ppo_metrics.csv,
base_no_warmup,split_train_eval,1.700000,49,custom_ppo,learned,0.122146,4,0.006521,0.000000,0.121561,1,3,4,False,reports/v31_split_protocol_no_warmup/raw/budget1p70_seed49/v2_custom_ppo_metrics.csv,
base_no_warmup,split_train_eval,1.700000,49,validation_selected_static,static,0.152295,5,0.036670,0.030149,0.000000,3,5,0,False,reports/v31_split_protocol_no_warmup/raw/budget1p70_seed49/v2_custom_ppo_metrics.csv,
base_no_warmup,split_train_eval,1.700000,49,feasible_static_projected,static,0.152295,6,0.036670,0.030149,0.000000,3,5,0,False,reports/v31_split_protocol_no_warmup/raw/budget1p70_seed49/v2_custom_ppo_metrics.csv,
base_no_warmup,split_train_eval,1.700000,50,custom_ppo,learned,0.125312,1,0.000000,0.000000,0.186432,1,3,4,False,reports/v31_split_protocol_no_warmup/raw/budget1p70_seed50/v2_custom_ppo_metrics.csv,
base_no_warmup,split_train_eval,1.700000,50,round_robin,dynamic_heuristic,0.127687,2,0.002375,0.002375,0.250000,0,0,8,True,reports/v31_split_protocol_no_warmup/raw/budget1p70_seed50/v2_custom_ppo_metrics.csv,
base_no_warmup,split_train_eval,1.700000,50,aoi,dynamic_heuristic,0.128991,3,0.003679,0.003679,0.538499,0,0,8,True,reports/v31_split_protocol_no_warmup/raw/budget1p70_seed50/v2_custom_ppo_metrics.csv,
base_no_warmup,split_train_eval,1.700000,50,random,random,0.131808,4,0.006496,0.006496,0.455518,0,0,8,True,reports/v31_split_protocol_no_warmup/raw/budget1p70_seed50/v2_custom_ppo_metrics.csv,
base_no_warmup,split_train_eval,1.700000,50,validation_selected_static,static,0.133985,5,0.008673,0.008673,0.000000,3,5,0,False,reports/v31_split_protocol_no_warmup/raw/budget1p70_seed50/v2_custom_ppo_metrics.csv,
base_no_warmup,split_train_eval,1.700000,50,feasible_static_projected,static,0.133985,6,0.008673,0.008673,0.000000,3,5,0,False,reports/v31_split_protocol_no_warmup/raw/budget1p70_seed50/v2_custom_ppo_metrics.csv,
base_no_warmup,split_train_eval,1.750000,41,round_robin,dynamic_heuristic,0.115072,1,0.000000,-0.011504,0.250000,0,0,8,True,reports/v31_split_protocol_no_warmup/raw/budget1p75_seed41/v2_custom_ppo_metrics.csv,
base_no_warmup,split_train_eval,1.750000,41,aoi,dynamic_heuristic,0.118588,2,0.003516,-0.007988,0.562266,0,0,8,True,reports/v31_split_protocol_no_warmup/raw/budget1p75_seed41/v2_custom_ppo_metrics.csv,
base_no_warmup,split_train_eval,1.750000,41,random,random,0.121769,3,0.006697,-0.004807,0.436065,0,0,8,True,reports/v31_split_protocol_no_warmup/raw/budget1p75_seed41/v2_custom_ppo_metrics.csv,
base_no_warmup,split_train_eval,1.750000,41,custom_ppo,learned,0.126576,4,0.011504,0.000000,0.074516,1,3,2,False,reports/v31_split_protocol_no_warmup/raw/budget1p75_seed41/v2_custom_ppo_metrics.csv,
base_no_warmup,split_train_eval,1.750000,41,validation_selected_static,static,0.144749,5,0.029678,0.018174,0.000000,3,5,0,False,reports/v31_split_protocol_no_warmup/raw/budget1p75_seed41/v2_custom_ppo_metrics.csv,
base_no_warmup,split_train_eval,1.750000,41,feasible_static_projected,static,0.144749,6,0.029678,0.018174,0.000000,3,5,0,False,reports/v31_split_protocol_no_warmup/raw/budget1p75_seed41/v2_custom_ppo_metrics.csv,
base_no_warmup,split_train_eval,1.750000,42,validation_selected_static,static,0.146270,1,0.000000,-0.001349,0.000000,3,5,0,False,reports/v31_split_protocol_no_warmup/raw/budget1p75_seed42/v2_custom_ppo_metrics.csv,
base_no_warmup,split_train_eval,1.750000,42,feasible_static_projected,static,0.146270,2,0.000000,-0.001349,0.000000,3,5,0,False,reports/v31_split_protocol_no_warmup/raw/budget1p75_seed42/v2_custom_ppo_metrics.csv,
base_no_warmup,split_train_eval,1.750000,42,round_robin,dynamic_heuristic,0.147178,3,0.000908,-0.000441,0.250000,0,0,8,True,reports/v31_split_protocol_no_warmup/raw/budget1p75_seed42/v2_custom_ppo_metrics.csv,
base_no_warmup,split_train_eval,1.750000,42,custom_ppo,learned,0.147619,4,0.001349,0.000000,0.160549,1,3,4,False,reports/v31_split_protocol_no_warmup/raw/budget1p75_seed42/v2_custom_ppo_metrics.csv,
base_no_warmup,split_train_eval,1.750000,42,aoi,dynamic_heuristic,0.151523,5,0.005253,0.003904,0.562225,0,0,8,True,reports/v31_split_protocol_no_warmup/raw/budget1p75_seed42/v2_custom_ppo_metrics.csv,
base_no_warmup,split_train_eval,1.750000,42,random,random,0.154893,6,0.008623,0.007274,0.432362,0,0,8,True,reports/v31_split_protocol_no_warmup/raw/budget1p75_seed42/v2_custom_ppo_metrics.csv,
base_no_warmup,split_train_eval,1.750000,43,custom_ppo,learned,0.134082,1,0.000000,0.000000,0.155055,1,3,4,False,reports/v31_split_protocol_no_warmup/raw/budget1p75_seed43/v2_custom_ppo_metrics.csv,
base_no_warmup,split_train_eval,1.750000,43,round_robin,dynamic_heuristic,0.135500,2,0.001419,0.001419,0.250000,0,0,8,True,reports/v31_split_protocol_no_warmup/raw/budget1p75_seed43/v2_custom_ppo_metrics.csv,
base_no_warmup,split_train_eval,1.750000,43,aoi,dynamic_heuristic,0.135937,3,0.001856,0.001856,0.562225,0,0,8,True,reports/v31_split_protocol_no_warmup/raw/budget1p75_seed43/v2_custom_ppo_metrics.csv,
base_no_warmup,split_train_eval,1.750000,43,random,random,0.137130,4,0.003048,0.003048,0.452222,0,0,8,True,reports/v31_split_protocol_no_warmup/raw/budget1p75_seed43/v2_custom_ppo_metrics.csv,
base_no_warmup,split_train_eval,1.750000,43,validation_selected_static,static,0.137653,5,0.003571,0.003571,0.000000,3,5,0,False,reports/v31_split_protocol_no_warmup/raw/budget1p75_seed43/v2_custom_ppo_metrics.csv,
base_no_warmup,split_train_eval,1.750000,43,feasible_static_projected,static,0.160414,6,0.026332,0.026332,0.000000,3,5,0,False,reports/v31_split_protocol_no_warmup/raw/budget1p75_seed43/v2_custom_ppo_metrics.csv,
base_no_warmup,split_train_eval,1.750000,44,custom_ppo,learned,0.135730,1,0.000000,0.000000,0.109922,0,2,4,False,reports/v31_split_protocol_no_warmup/raw/budget1p75_seed44/v2_custom_ppo_metrics.csv,
base_no_warmup,split_train_eval,1.750000,44,round_robin,dynamic_heuristic,0.137522,2,0.001793,0.001793,0.250000,0,0,8,True,reports/v31_split_protocol_no_warmup/raw/budget1p75_seed44/v2_custom_ppo_metrics.csv,
base_no_warmup,split_train_eval,1.750000,44,aoi,dynamic_heuristic,0.138530,3,0.002801,0.002801,0.562266,0,0,8,True,reports/v31_split_protocol_no_warmup/raw/budget1p75_seed44/v2_custom_ppo_metrics.csv,
base_no_warmup,split_train_eval,1.750000,44,random,random,0.139246,4,0.003516,0.003516,0.441153,0,0,8,True,reports/v31_split_protocol_no_warmup/raw/budget1p75_seed44/v2_custom_ppo_metrics.csv,
base_no_warmup,split_train_eval,1.750000,44,validation_selected_static,static,0.144583,5,0.008853,0.008853,0.000000,3,5,0,False,reports/v31_split_protocol_no_warmup/raw/budget1p75_seed44/v2_custom_ppo_metrics.csv,
base_no_warmup,split_train_eval,1.750000,44,feasible_static_projected,static,0.144583,6,0.008853,0.008853,0.000000,3,5,0,False,reports/v31_split_protocol_no_warmup/raw/budget1p75_seed44/v2_custom_ppo_metrics.csv,
base_no_warmup,split_train_eval,1.750000,45,round_robin,dynamic_heuristic,0.127908,1,0.000000,-0.000238,0.250000,0,0,8,True,reports/v31_split_protocol_no_warmup/raw/budget1p75_seed45/v2_custom_ppo_metrics.csv,
base_no_warmup,split_train_eval,1.750000,45,custom_ppo,learned,0.128146,2,0.000238,0.000000,0.136131,1,3,4,False,reports/v31_split_protocol_no_warmup/raw/budget1p75_seed45/v2_custom_ppo_metrics.csv,
base_no_warmup,split_train_eval,1.750000,45,aoi,dynamic_heuristic,0.131271,3,0.003362,0.003124,0.562103,0,0,8,True,reports/v31_split_protocol_no_warmup/raw/budget1p75_seed45/v2_custom_ppo_metrics.csv,
base_no_warmup,split_train_eval,1.750000,45,random,random,0.134278,4,0.006369,0.006131,0.460483,0,0,8,True,reports/v31_split_protocol_no_warmup/raw/budget1p75_seed45/v2_custom_ppo_metrics.csv,
base_no_warmup,split_train_eval,1.750000,45,validation_selected_static,static,0.152035,5,0.024127,0.023889,0.000000,3,5,0,False,reports/v31_split_protocol_no_warmup/raw/budget1p75_seed45/v2_custom_ppo_metrics.csv,
base_no_warmup,split_train_eval,1.750000,45,feasible_static_projected,static,0.152035,6,0.024127,0.023889,0.000000,3,5,0,False,reports/v31_split_protocol_no_warmup/raw/budget1p75_seed45/v2_custom_ppo_metrics.csv,
base_no_warmup,split_train_eval,1.750000,46,aoi,dynamic_heuristic,0.137247,1,0.000000,-0.001658,0.562225,0,0,8,True,reports/v31_split_protocol_no_warmup/raw/budget1p75_seed46/v2_custom_ppo_metrics.csv,
base_no_warmup,split_train_eval,1.750000,46,custom_ppo,learned,0.138905,2,0.001658,0.000000,0.157374,1,3,4,False,reports/v31_split_protocol_no_warmup/raw/budget1p75_seed46/v2_custom_ppo_metrics.csv,
base_no_warmup,split_train_eval,1.750000,46,random,random,0.140573,3,0.003325,0.001667,0.451896,0,0,8,True,reports/v31_split_protocol_no_warmup/raw/budget1p75_seed46/v2_custom_ppo_metrics.csv,
base_no_warmup,split_train_eval,1.750000,46,round_robin,dynamic_heuristic,0.140678,4,0.003431,0.001773,0.250000,0,0,8,True,reports/v31_split_protocol_no_warmup/raw/budget1p75_seed46/v2_custom_ppo_metrics.csv,
base_no_warmup,split_train_eval,1.750000,46,validation_selected_static,static,0.143341,5,0.006093,0.004435,0.000000,3,5,0,False,reports/v31_split_protocol_no_warmup/raw/budget1p75_seed46/v2_custom_ppo_metrics.csv,
base_no_warmup,split_train_eval,1.750000,46,feasible_static_projected,static,0.143341,6,0.006093,0.004435,0.000000,3,5,0,False,reports/v31_split_protocol_no_warmup/raw/budget1p75_seed46/v2_custom_ppo_metrics.csv,
base_no_warmup,split_train_eval,1.750000,47,round_robin,dynamic_heuristic,0.124795,1,0.000000,-0.004038,0.250000,0,0,8,True,reports/v31_split_protocol_no_warmup/raw/budget1p75_seed47/v2_custom_ppo_metrics.csv,
base_no_warmup,split_train_eval,1.750000,47,custom_ppo,learned,0.128833,2,0.004038,0.000000,0.187408,1,3,4,False,reports/v31_split_protocol_no_warmup/raw/budget1p75_seed47/v2_custom_ppo_metrics.csv,
base_no_warmup,split_train_eval,1.750000,47,aoi,dynamic_heuristic,0.133289,3,0.008495,0.004457,0.562225,0,0,8,True,reports/v31_split_protocol_no_warmup/raw/budget1p75_seed47/v2_custom_ppo_metrics.csv,
base_no_warmup,split_train_eval,1.750000,47,random,random,0.135196,4,0.010402,0.006364,0.443106,0,0,8,True,reports/v31_split_protocol_no_warmup/raw/budget1p75_seed47/v2_custom_ppo_metrics.csv,
base_no_warmup,split_train_eval,1.750000,47,validation_selected_static,static,0.151424,5,0.026629,0.022591,0.000000,3,5,0,False,reports/v31_split_protocol_no_warmup/raw/budget1p75_seed47/v2_custom_ppo_metrics.csv,
base_no_warmup,split_train_eval,1.750000,47,feasible_static_projected,static,0.151424,6,0.026629,0.022591,0.000000,3,5,0,False,reports/v31_split_protocol_no_warmup/raw/budget1p75_seed47/v2_custom_ppo_metrics.csv,
hard_duty_reduced,split_train_eval,1.700000,41,round_robin,dynamic_heuristic,0.113377,1,0.000000,-0.007368,0.250000,0,0,8,True,reports/v31_split_protocol_no_warmup_hguard_reduced/raw/budget1p70_seed41/v2_custom_ppo_metrics.csv,
hard_duty_reduced,split_train_eval,1.700000,41,aoi,dynamic_heuristic,0.117049,2,0.003673,-0.003695,0.538621,0,0,8,True,reports/v31_split_protocol_no_warmup_hguard_reduced/raw/budget1p70_seed41/v2_custom_ppo_metrics.csv,
hard_duty_reduced,split_train_eval,1.700000,41,duty_constrained_feasible_static_projected,static_projected,0.117798,3,0.004421,-0.002946,0.643578,0,0,8,True,reports/v31_split_protocol_no_warmup_hguard_reduced/raw/budget1p70_seed41/v2_custom_ppo_metrics.csv,
hard_duty_reduced,split_train_eval,1.700000,41,duty_constrained_aoi,operational_dynamic,0.118588,4,0.005211,-0.002156,0.569510,0,0,8,True,reports/v31_split_protocol_no_warmup_hguard_reduced/raw/budget1p70_seed41/v2_custom_ppo_metrics.csv,
hard_duty_reduced,split_train_eval,1.700000,41,random,random,0.118891,5,0.005515,-0.001853,0.434315,0,0,8,True,reports/v31_split_protocol_no_warmup_hguard_reduced/raw/budget1p70_seed41/v2_custom_ppo_metrics.csv,
hard_duty_reduced,split_train_eval,1.700000,41,duty_constrained_round_robin,operational_dynamic,0.119496,6,0.006119,-0.001249,0.426502,0,0,8,True,reports/v31_split_protocol_no_warmup_hguard_reduced/raw/budget1p70_seed41/v2_custom_ppo_metrics.csv,
hard_duty_reduced,split_train_eval,1.700000,41,custom_ppo,learned,0.120744,7,0.007368,0.000000,0.346044,0,0,8,True,reports/v31_split_protocol_no_warmup_hguard_reduced/raw/budget1p70_seed41/v2_custom_ppo_metrics.csv,
hard_duty_reduced,split_train_eval,1.700000,41,duty_constrained_random,operational_dynamic,0.121395,8,0.008018,0.000651,0.435089,0,0,8,True,reports/v31_split_protocol_no_warmup_hguard_reduced/raw/budget1p70_seed41/v2_custom_ppo_metrics.csv,
hard_duty_reduced,split_train_eval,1.700000,41,validation_selected_static,static,0.137017,9,0.023640,0.016273,0.000000,3,5,0,False,reports/v31_split_protocol_no_warmup_hguard_reduced/raw/budget1p70_seed41/v2_custom_ppo_metrics.csv,
hard_duty_reduced,split_train_eval,1.700000,41,feasible_static_projected,static,0.146767,10,0.033390,0.026022,0.000000,3,5,0,False,reports/v31_split_protocol_no_warmup_hguard_reduced/raw/budget1p70_seed41/v2_custom_ppo_metrics.csv,
hard_duty_reduced,split_train_eval,1.700000,42,validation_selected_static,static,0.142457,1,0.000000,-0.002678,0.000000,3,5,0,False,reports/v31_split_protocol_no_warmup_hguard_reduced/raw/budget1p70_seed42/v2_custom_ppo_metrics.csv,
hard_duty_reduced,split_train_eval,1.700000,42,feasible_static_projected,static,0.142457,2,0.000000,-0.002678,0.000000,3,5,0,False,reports/v31_split_protocol_no_warmup_hguard_reduced/raw/budget1p70_seed42/v2_custom_ppo_metrics.csv,
hard_duty_reduced,split_train_eval,1.700000,42,round_robin,dynamic_heuristic,0.142606,3,0.000149,-0.002528,0.250000,0,0,8,True,reports/v31_split_protocol_no_warmup_hguard_reduced/raw/budget1p70_seed42/v2_custom_ppo_metrics.csv,
hard_duty_reduced,split_train_eval,1.700000,42,custom_ppo,learned,0.145135,4,0.002678,0.000000,0.273808,0,0,8,True,reports/v31_split_protocol_no_warmup_hguard_reduced/raw/budget1p70_seed42/v2_custom_ppo_metrics.csv,
hard_duty_reduced,split_train_eval,1.700000,42,duty_constrained_feasible_static_projected,static_projected,0.147198,5,0.004741,0.002064,0.643578,0,0,8,True,reports/v31_split_protocol_no_warmup_hguard_reduced/raw/budget1p70_seed42/v2_custom_ppo_metrics.csv,
hard_duty_reduced,split_train_eval,1.700000,42,aoi,dynamic_heuristic,0.147391,6,0.004934,0.002256,0.538418,0,0,8,True,reports/v31_split_protocol_no_warmup_hguard_reduced/raw/budget1p70_seed42/v2_custom_ppo_metrics.csv,
hard_duty_reduced,split_train_eval,1.700000,42,duty_constrained_round_robin,operational_dynamic,0.148494,7,0.006037,0.003359,0.426502,0,0,8,True,reports/v31_split_protocol_no_warmup_hguard_reduced/raw/budget1p70_seed42/v2_custom_ppo_metrics.csv,
hard_duty_reduced,split_train_eval,1.700000,42,duty_constrained_aoi,operational_dynamic,0.148500,8,0.006043,0.003366,0.566173,0,0,8,True,reports/v31_split_protocol_no_warmup_hguard_reduced/raw/budget1p70_seed42/v2_custom_ppo_metrics.csv,
hard_duty_reduced,split_train_eval,1.700000,42,duty_constrained_random,operational_dynamic,0.148631,9,0.006174,0.003496,0.451896,0,0,8,True,reports/v31_split_protocol_no_warmup_hguard_reduced/raw/budget1p70_seed42/v2_custom_ppo_metrics.csv,
hard_duty_reduced,split_train_eval,1.700000,42,random,random,0.149006,10,0.006549,0.003872,0.423327,0,0,8,True,reports/v31_split_protocol_no_warmup_hguard_reduced/raw/budget1p70_seed42/v2_custom_ppo_metrics.csv,
hard_duty_reduced,split_train_eval,1.700000,43,round_robin,dynamic_heuristic,0.134063,1,0.000000,-0.003385,0.250000,0,0,8,True,reports/v31_split_protocol_no_warmup_hguard_reduced/raw/budget1p70_seed43/v2_custom_ppo_metrics.csv,
hard_duty_reduced,split_train_eval,1.700000,43,aoi,dynamic_heuristic,0.135024,2,0.000961,-0.002423,0.538499,0,0,8,True,reports/v31_split_protocol_no_warmup_hguard_reduced/raw/budget1p70_seed43/v2_custom_ppo_metrics.csv,
hard_duty_reduced,split_train_eval,1.700000,43,duty_constrained_aoi,operational_dynamic,0.136482,3,0.002419,-0.000966,0.566051,0,0,8,True,reports/v31_split_protocol_no_warmup_hguard_reduced/raw/budget1p70_seed43/v2_custom_ppo_metrics.csv,
hard_duty_reduced,split_train_eval,1.700000,43,duty_constrained_feasible_static_projected,static_projected,0.137053,4,0.002990,-0.000395,0.643578,0,0,8,True,reports/v31_split_protocol_no_warmup_hguard_reduced/raw/budget1p70_seed43/v2_custom_ppo_metrics.csv,
hard_duty_reduced,split_train_eval,1.700000,43,custom_ppo,learned,0.137448,5,0.003385,0.000000,0.317353,0,0,8,True,reports/v31_split_protocol_no_warmup_hguard_reduced/raw/budget1p70_seed43/v2_custom_ppo_metrics.csv,
hard_duty_reduced,split_train_eval,1.700000,43,duty_constrained_round_robin,operational_dynamic,0.137863,6,0.003800,0.000415,0.426502,0,0,8,True,reports/v31_split_protocol_no_warmup_hguard_reduced/raw/budget1p70_seed43/v2_custom_ppo_metrics.csv,
hard_duty_reduced,split_train_eval,1.700000,43,random,random,0.137959,7,0.003896,0.000511,0.440990,0,0,8,True,reports/v31_split_protocol_no_warmup_hguard_reduced/raw/budget1p70_seed43/v2_custom_ppo_metrics.csv,
hard_duty_reduced,split_train_eval,1.700000,43,duty_constrained_random,operational_dynamic,0.139191,8,0.005128,0.001743,0.451367,0,0,8,True,reports/v31_split_protocol_no_warmup_hguard_reduced/raw/budget1p70_seed43/v2_custom_ppo_metrics.csv,
hard_duty_reduced,split_train_eval,1.700000,43,validation_selected_static,static,0.145974,9,0.011911,0.008526,0.000000,3,5,0,False,reports/v31_split_protocol_no_warmup_hguard_reduced/raw/budget1p70_seed43/v2_custom_ppo_metrics.csv,
hard_duty_reduced,split_train_eval,1.700000,43,feasible_static_projected,static,0.164626,10,0.030563,0.027178,0.000000,3,5,0,False,reports/v31_split_protocol_no_warmup_hguard_reduced/raw/budget1p70_seed43/v2_custom_ppo_metrics.csv,
hard_duty_envdwell12_reduced,split_train_eval,1.700000,41,custom_ppo,learned,0.132886,1,0.000000,0.000000,0.024377,0,0,8,True,reports/v31_split_protocol_no_warmup_hguard_envdwell12_reduced/raw/budget1p70_seed41/v2_custom_ppo_metrics.csv,
hard_duty_envdwell12_reduced,split_train_eval,1.700000,41,duty_constrained_round_robin,operational_dynamic,0.134288,2,0.001402,0.001402,0.056324,0,0,8,True,reports/v31_split_protocol_no_warmup_hguard_envdwell12_reduced/raw/budget1p70_seed41/v2_custom_ppo_metrics.csv,
hard_duty_envdwell12_reduced,split_train_eval,1.700000,41,validation_selected_static,static,0.137648,3,0.004762,0.004762,0.000000,3,5,0,False,reports/v31_split_protocol_no_warmup_hguard_envdwell12_reduced/raw/budget1p70_seed41/v2_custom_ppo_metrics.csv,
hard_duty_envdwell12_reduced,split_train_eval,1.700000,41,duty_constrained_random,operational_dynamic,0.141020,4,0.008133,0.008133,0.040737,0,0,8,True,reports/v31_split_protocol_no_warmup_hguard_envdwell12_reduced/raw/budget1p70_seed41/v2_custom_ppo_metrics.csv,
hard_duty_envdwell12_reduced,split_train_eval,1.700000,41,duty_constrained_aoi,operational_dynamic,0.141087,5,0.008201,0.008201,0.057138,0,0,8,True,reports/v31_split_protocol_no_warmup_hguard_envdwell12_reduced/raw/budget1p70_seed41/v2_custom_ppo_metrics.csv,
hard_duty_envdwell12_reduced,split_train_eval,1.700000,41,aoi,dynamic_heuristic,0.141682,6,0.008796,0.008796,0.055632,0,0,8,True,reports/v31_split_protocol_no_warmup_hguard_envdwell12_reduced/raw/budget1p70_seed41/v2_custom_ppo_metrics.csv,
hard_duty_envdwell12_reduced,split_train_eval,1.700000,41,duty_constrained_feasible_static_projected,static_projected,0.142980,7,0.010093,0.010093,0.052906,0,0,8,True,reports/v31_split_protocol_no_warmup_hguard_envdwell12_reduced/raw/budget1p70_seed41/v2_custom_ppo_metrics.csv,
hard_duty_envdwell12_reduced,split_train_eval,1.700000,41,feasible_static_projected,static,0.146423,8,0.013537,0.013537,0.000000,3,5,0,False,reports/v31_split_protocol_no_warmup_hguard_envdwell12_reduced/raw/budget1p70_seed41/v2_custom_ppo_metrics.csv,
hard_duty_envdwell12_reduced,split_train_eval,1.700000,41,random,random,0.146577,9,0.013690,0.013690,0.037767,0,0,8,True,reports/v31_split_protocol_no_warmup_hguard_envdwell12_reduced/raw/budget1p70_seed41/v2_custom_ppo_metrics.csv,
hard_duty_envdwell12_reduced,split_train_eval,1.700000,41,round_robin,dynamic_heuristic,0.158871,10,0.025985,0.025985,0.020959,2,4,2,False,reports/v31_split_protocol_no_warmup_hguard_envdwell12_reduced/raw/budget1p70_seed41/v2_custom_ppo_metrics.csv,
hard_duty_envdwell12_reduced,split_train_eval,1.700000,42,validation_selected_static,static,0.138138,1,0.000000,-0.011483,0.000000,3,5,0,False,reports/v31_split_protocol_no_warmup_hguard_envdwell12_reduced/raw/budget1p70_seed42/v2_custom_ppo_metrics.csv,
hard_duty_envdwell12_reduced,split_train_eval,1.700000,42,feasible_static_projected,static,0.138138,2,0.000000,-0.011483,0.000000,3,5,0,False,reports/v31_split_protocol_no_warmup_hguard_envdwell12_reduced/raw/budget1p70_seed42/v2_custom_ppo_metrics.csv,
hard_duty_envdwell12_reduced,split_train_eval,1.700000,42,custom_ppo,learned,0.149620,3,0.011483,0.000000,0.026860,0,0,8,True,reports/v31_split_protocol_no_warmup_hguard_envdwell12_reduced/raw/budget1p70_seed42/v2_custom_ppo_metrics.csv,
hard_duty_envdwell12_reduced,split_train_eval,1.700000,42,round_robin,dynamic_heuristic,0.154632,4,0.016495,0.005012,0.020959,2,4,2,False,reports/v31_split_protocol_no_warmup_hguard_envdwell12_reduced/raw/budget1p70_seed42/v2_custom_ppo_metrics.csv,
hard_duty_envdwell12_reduced,split_train_eval,1.700000,42,duty_constrained_feasible_static_projected,static_projected,0.160709,5,0.022571,0.011089,0.052906,0,0,8,True,reports/v31_split_protocol_no_warmup_hguard_envdwell12_reduced/raw/budget1p70_seed42/v2_custom_ppo_metrics.csv,
hard_duty_envdwell12_reduced,split_train_eval,1.700000,42,duty_constrained_round_robin,operational_dynamic,0.161099,6,0.022961,0.011479,0.056324,0,0,8,True,reports/v31_split_protocol_no_warmup_hguard_envdwell12_reduced/raw/budget1p70_seed42/v2_custom_ppo_metrics.csv,
hard_duty_envdwell12_reduced,split_train_eval,1.700000,42,random,random,0.161948,7,0.023810,0.012327,0.040493,0,0,8,True,reports/v31_split_protocol_no_warmup_hguard_envdwell12_reduced/raw/budget1p70_seed42/v2_custom_ppo_metrics.csv,
hard_duty_envdwell12_reduced,split_train_eval,1.700000,42,duty_constrained_aoi,operational_dynamic,0.162007,8,0.023869,0.012387,0.057057,0,0,8,True,reports/v31_split_protocol_no_warmup_hguard_envdwell12_reduced/raw/budget1p70_seed42/v2_custom_ppo_metrics.csv,
hard_duty_envdwell12_reduced,split_train_eval,1.700000,42,duty_constrained_random,operational_dynamic,0.163485,9,0.025347,0.013864,0.041918,0,0,8,True,reports/v31_split_protocol_no_warmup_hguard_envdwell12_reduced/raw/budget1p70_seed42/v2_custom_ppo_metrics.csv,
hard_duty_envdwell12_reduced,split_train_eval,1.700000,42,aoi,dynamic_heuristic,0.166598,10,0.028460,0.016978,0.055632,0,0,8,True,reports/v31_split_protocol_no_warmup_hguard_envdwell12_reduced/raw/budget1p70_seed42/v2_custom_ppo_metrics.csv,
hard_duty_envdwell12_reduced,split_train_eval,1.700000,43,custom_ppo,learned,0.140702,1,0.000000,0.000000,0.029383,0,0,8,True,reports/v31_split_protocol_no_warmup_hguard_envdwell12_reduced/raw/budget1p70_seed43/v2_custom_ppo_metrics.csv,
hard_duty_envdwell12_reduced,split_train_eval,1.700000,43,validation_selected_static,static,0.144098,2,0.003396,0.003396,0.000000,3,5,0,False,reports/v31_split_protocol_no_warmup_hguard_envdwell12_reduced/raw/budget1p70_seed43/v2_custom_ppo_metrics.csv,
hard_duty_envdwell12_reduced,split_train_eval,1.700000,43,random,random,0.150048,3,0.009345,0.009345,0.039557,0,0,8,True,reports/v31_split_protocol_no_warmup_hguard_envdwell12_reduced/raw/budget1p70_seed43/v2_custom_ppo_metrics.csv,
hard_duty_envdwell12_reduced,split_train_eval,1.700000,43,aoi,dynamic_heuristic,0.150172,4,0.009470,0.009470,0.055632,0,0,8,True,reports/v31_split_protocol_no_warmup_hguard_envdwell12_reduced/raw/budget1p70_seed43/v2_custom_ppo_metrics.csv,
hard_duty_envdwell12_reduced,split_train_eval,1.700000,43,duty_constrained_aoi,operational_dynamic,0.151801,5,0.011099,0.011099,0.057098,0,0,8,True,reports/v31_split_protocol_no_warmup_hguard_envdwell12_reduced/raw/budget1p70_seed43/v2_custom_ppo_metrics.csv,
hard_duty_envdwell12_reduced,split_train_eval,1.700000,43,duty_constrained_feasible_static_projected,static_projected,0.152623,6,0.011921,0.011921,0.052906,0,0,8,True,reports/v31_split_protocol_no_warmup_hguard_envdwell12_reduced/raw/budget1p70_seed43/v2_custom_ppo_metrics.csv,
hard_duty_envdwell12_reduced,split_train_eval,1.700000,43,feasible_static_projected,static,0.154343,7,0.013641,0.013641,0.000000,3,5,0,False,reports/v31_split_protocol_no_warmup_hguard_envdwell12_reduced/raw/budget1p70_seed43/v2_custom_ppo_metrics.csv,
hard_duty_envdwell12_reduced,split_train_eval,1.700000,43,duty_constrained_round_robin,operational_dynamic,0.154829,8,0.014126,0.014126,0.056324,0,0,8,True,reports/v31_split_protocol_no_warmup_hguard_envdwell12_reduced/raw/budget1p70_seed43/v2_custom_ppo_metrics.csv,
hard_duty_envdwell12_reduced,split_train_eval,1.700000,43,duty_constrained_random,operational_dynamic,0.155622,9,0.014919,0.014919,0.042894,0,0,8,True,reports/v31_split_protocol_no_warmup_hguard_envdwell12_reduced/raw/budget1p70_seed43/v2_custom_ppo_metrics.csv,
hard_duty_envdwell12_reduced,split_train_eval,1.700000,43,round_robin,dynamic_heuristic,0.168811,10,0.028109,0.028109,0.020959,2,4,2,False,reports/v31_split_protocol_no_warmup_hguard_envdwell12_reduced/raw/budget1p70_seed43/v2_custom_ppo_metrics.csv,
dqn_split_diagnostic,split_train_eval,1.650000,41,aoi,dynamic_heuristic,0.113873,1,0.000000,-0.005341,0.498657,0,0,8,True,reports/v31_no_warmup_dqn_split_diagnostic/raw/budget1p65_seed41/v2_dqn_split_metrics.csv,/home/zhangzhuyu/_code/microclimate_demo/rl_sensor_scheduling_framework/reports/v31_split_protocol_no_warmup/raw/budget1p65_seed41
dqn_split_diagnostic,split_train_eval,1.650000,41,round_robin,dynamic_heuristic,0.114766,2,0.000893,-0.004449,0.250000,0,0,8,True,reports/v31_no_warmup_dqn_split_diagnostic/raw/budget1p65_seed41/v2_dqn_split_metrics.csv,/home/zhangzhuyu/_code/microclimate_demo/rl_sensor_scheduling_framework/reports/v31_split_protocol_no_warmup/raw/budget1p65_seed41
dqn_split_diagnostic,split_train_eval,1.650000,41,dqn,learned,0.119214,3,0.005341,0.000000,0.121073,0,0,6,True,reports/v31_no_warmup_dqn_split_diagnostic/raw/budget1p65_seed41/v2_dqn_split_metrics.csv,/home/zhangzhuyu/_code/microclimate_demo/rl_sensor_scheduling_framework/reports/v31_split_protocol_no_warmup/raw/budget1p65_seed41
dqn_split_diagnostic,split_train_eval,1.650000,41,random,random,0.120726,4,0.006853,0.001512,0.415758,0,0,8,True,reports/v31_no_warmup_dqn_split_diagnostic/raw/budget1p65_seed41/v2_dqn_split_metrics.csv,/home/zhangzhuyu/_code/microclimate_demo/rl_sensor_scheduling_framework/reports/v31_split_protocol_no_warmup/raw/budget1p65_seed41
dqn_split_diagnostic,split_train_eval,1.650000,41,validation_selected_static,static,0.144944,5,0.031071,0.025730,0.000000,3,5,0,False,reports/v31_no_warmup_dqn_split_diagnostic/raw/budget1p65_seed41/v2_dqn_split_metrics.csv,/home/zhangzhuyu/_code/microclimate_demo/rl_sensor_scheduling_framework/reports/v31_split_protocol_no_warmup/raw/budget1p65_seed41
dqn_split_diagnostic,split_train_eval,1.650000,41,feasible_static_projected,static,0.144944,6,0.031071,0.025730,0.000000,3,5,0,False,reports/v31_no_warmup_dqn_split_diagnostic/raw/budget1p65_seed41/v2_dqn_split_metrics.csv,/home/zhangzhuyu/_code/microclimate_demo/rl_sensor_scheduling_framework/reports/v31_split_protocol_no_warmup/raw/budget1p65_seed41
dqn_split_diagnostic,split_train_eval,1.650000,42,validation_selected_static,static,0.139021,1,0.000000,-0.003184,0.000000,3,5,0,False,reports/v31_no_warmup_dqn_split_diagnostic/raw/budget1p65_seed42/v2_dqn_split_metrics.csv,/home/zhangzhuyu/_code/microclimate_demo/rl_sensor_scheduling_framework/reports/v31_split_protocol_no_warmup/raw/budget1p65_seed42
dqn_split_diagnostic,split_train_eval,1.650000,42,feasible_static_projected,static,0.139021,2,0.000000,-0.003184,0.000000,3,5,0,False,reports/v31_no_warmup_dqn_split_diagnostic/raw/budget1p65_seed42/v2_dqn_split_metrics.csv,/home/zhangzhuyu/_code/microclimate_demo/rl_sensor_scheduling_framework/reports/v31_split_protocol_no_warmup/raw/budget1p65_seed42
dqn_split_diagnostic,split_train_eval,1.650000,42,aoi,dynamic_heuristic,0.141850,3,0.002829,-0.000355,0.498820,0,0,8,True,reports/v31_no_warmup_dqn_split_diagnostic/raw/budget1p65_seed42/v2_dqn_split_metrics.csv,/home/zhangzhuyu/_code/microclimate_demo/rl_sensor_scheduling_framework/reports/v31_split_protocol_no_warmup/raw/budget1p65_seed42
dqn_split_diagnostic,split_train_eval,1.650000,42,round_robin,dynamic_heuristic,0.142098,4,0.003077,-0.000107,0.250000,0,0,8,True,reports/v31_no_warmup_dqn_split_diagnostic/raw/budget1p65_seed42/v2_dqn_split_metrics.csv,/home/zhangzhuyu/_code/microclimate_demo/rl_sensor_scheduling_framework/reports/v31_split_protocol_no_warmup/raw/budget1p65_seed42
dqn_split_diagnostic,split_train_eval,1.650000,42,dqn,learned,0.142205,5,0.003184,0.000000,0.137840,0,0,8,True,reports/v31_no_warmup_dqn_split_diagnostic/raw/budget1p65_seed42/v2_dqn_split_metrics.csv,/home/zhangzhuyu/_code/microclimate_demo/rl_sensor_scheduling_framework/reports/v31_split_protocol_no_warmup/raw/budget1p65_seed42
dqn_split_diagnostic,split_train_eval,1.650000,42,random,random,0.147752,6,0.008731,0.005547,0.402531,0,0,8,True,reports/v31_no_warmup_dqn_split_diagnostic/raw/budget1p65_seed42/v2_dqn_split_metrics.csv,/home/zhangzhuyu/_code/microclimate_demo/rl_sensor_scheduling_framework/reports/v31_split_protocol_no_warmup/raw/budget1p65_seed42
dqn_split_diagnostic,split_train_eval,1.650000,43,aoi,dynamic_heuristic,0.139765,1,0.000000,-0.003673,0.498698,0,0,8,True,reports/v31_no_warmup_dqn_split_diagnostic/raw/budget1p65_seed43/v2_dqn_split_metrics.csv,/home/zhangzhuyu/_code/microclimate_demo/rl_sensor_scheduling_framework/reports/v31_split_protocol_no_warmup/raw/budget1p65_seed43
dqn_split_diagnostic,split_train_eval,1.650000,43,round_robin,dynamic_heuristic,0.140304,2,0.000538,-0.003135,0.250000,0,0,8,True,reports/v31_no_warmup_dqn_split_diagnostic/raw/budget1p65_seed43/v2_dqn_split_metrics.csv,/home/zhangzhuyu/_code/microclimate_demo/rl_sensor_scheduling_framework/reports/v31_split_protocol_no_warmup/raw/budget1p65_seed43
dqn_split_diagnostic,split_train_eval,1.650000,43,dqn,learned,0.143438,3,0.003673,0.000000,0.152694,0,0,7,True,reports/v31_no_warmup_dqn_split_diagnostic/raw/budget1p65_seed43/v2_dqn_split_metrics.csv,/home/zhangzhuyu/_code/microclimate_demo/rl_sensor_scheduling_framework/reports/v31_split_protocol_no_warmup/raw/budget1p65_seed43
dqn_split_diagnostic,split_train_eval,1.650000,43,random,random,0.143859,4,0.004093,0.000421,0.416083,0,0,8,True,reports/v31_no_warmup_dqn_split_diagnostic/raw/budget1p65_seed43/v2_dqn_split_metrics.csv,/home/zhangzhuyu/_code/microclimate_demo/rl_sensor_scheduling_framework/reports/v31_split_protocol_no_warmup/raw/budget1p65_seed43
dqn_split_diagnostic,split_train_eval,1.650000,43,validation_selected_static,static,0.170547,5,0.030782,0.027109,0.000000,3,5,0,False,reports/v31_no_warmup_dqn_split_diagnostic/raw/budget1p65_seed43/v2_dqn_split_metrics.csv,/home/zhangzhuyu/_code/microclimate_demo/rl_sensor_scheduling_framework/reports/v31_split_protocol_no_warmup/raw/budget1p65_seed43
dqn_split_diagnostic,split_train_eval,1.650000,43,feasible_static_projected,static,0.170547,6,0.030782,0.027109,0.000000,3,5,0,False,reports/v31_no_warmup_dqn_split_diagnostic/raw/budget1p65_seed43/v2_dqn_split_metrics.csv,/home/zhangzhuyu/_code/microclimate_demo/rl_sensor_scheduling_framework/reports/v31_split_protocol_no_warmup/raw/budget1p65_seed43
dqn_split_diagnostic,split_train_eval,1.700000,41,round_robin,dynamic_heuristic,0.115753,1,0.000000,-0.022387,0.250000,0,0,8,True,reports/v31_no_warmup_dqn_split_diagnostic/raw/budget1p70_seed41/v2_dqn_split_metrics.csv,/home/zhangzhuyu/_code/microclimate_demo/rl_sensor_scheduling_framework/reports/v31_split_protocol_no_warmup/raw/budget1p70_seed41
dqn_split_diagnostic,split_train_eval,1.700000,41,aoi,dynamic_heuristic,0.117181,2,0.001429,-0.020958,0.538621,0,0,8,True,reports/v31_no_warmup_dqn_split_diagnostic/raw/budget1p70_seed41/v2_dqn_split_metrics.csv,/home/zhangzhuyu/_code/microclimate_demo/rl_sensor_scheduling_framework/reports/v31_split_protocol_no_warmup/raw/budget1p70_seed41
dqn_split_diagnostic,split_train_eval,1.700000,41,random,random,0.119830,3,0.004077,-0.018310,0.434315,0,0,8,True,reports/v31_no_warmup_dqn_split_diagnostic/raw/budget1p70_seed41/v2_dqn_split_metrics.csv,/home/zhangzhuyu/_code/microclimate_demo/rl_sensor_scheduling_framework/reports/v31_split_protocol_no_warmup/raw/budget1p70_seed41
dqn_split_diagnostic,split_train_eval,1.700000,41,validation_selected_static,static,0.135098,4,0.019345,-0.003042,0.000000,3,5,0,False,reports/v31_no_warmup_dqn_split_diagnostic/raw/budget1p70_seed41/v2_dqn_split_metrics.csv,/home/zhangzhuyu/_code/microclimate_demo/rl_sensor_scheduling_framework/reports/v31_split_protocol_no_warmup/raw/budget1p70_seed41
dqn_split_diagnostic,split_train_eval,1.700000,41,dqn,learned,0.138140,5,0.022387,0.000000,0.165798,0,0,8,True,reports/v31_no_warmup_dqn_split_diagnostic/raw/budget1p70_seed41/v2_dqn_split_metrics.csv,/home/zhangzhuyu/_code/microclimate_demo/rl_sensor_scheduling_framework/reports/v31_split_protocol_no_warmup/raw/budget1p70_seed41
dqn_split_diagnostic,split_train_eval,1.700000,41,feasible_static_projected,static,0.153345,6,0.037593,0.015205,0.000000,3,5,0,False,reports/v31_no_warmup_dqn_split_diagnostic/raw/budget1p70_seed41/v2_dqn_split_metrics.csv,/home/zhangzhuyu/_code/microclimate_demo/rl_sensor_scheduling_framework/reports/v31_split_protocol_no_warmup/raw/budget1p70_seed41
dqn_split_diagnostic,split_train_eval,1.700000,42,round_robin,dynamic_heuristic,0.136976,1,0.000000,-0.001539,0.250000,0,0,8,True,reports/v31_no_warmup_dqn_split_diagnostic/raw/budget1p70_seed42/v2_dqn_split_metrics.csv,/home/zhangzhuyu/_code/microclimate_demo/rl_sensor_scheduling_framework/reports/v31_split_protocol_no_warmup/raw/budget1p70_seed42
dqn_split_diagnostic,split_train_eval,1.700000,42,feasible_static_projected,static,0.138187,2,0.001211,-0.000328,0.000000,3,5,0,False,reports/v31_no_warmup_dqn_split_diagnostic/raw/budget1p70_seed42/v2_dqn_split_metrics.csv,/home/zhangzhuyu/_code/microclimate_demo/rl_sensor_scheduling_framework/reports/v31_split_protocol_no_warmup/raw/budget1p70_seed42
dqn_split_diagnostic,split_train_eval,1.700000,42,validation_selected_static,static,0.138187,3,0.001211,-0.000328,0.000000,3,5,0,False,reports/v31_no_warmup_dqn_split_diagnostic/raw/budget1p70_seed42/v2_dqn_split_metrics.csv,/home/zhangzhuyu/_code/microclimate_demo/rl_sensor_scheduling_framework/reports/v31_split_protocol_no_warmup/raw/budget1p70_seed42
dqn_split_diagnostic,split_train_eval,1.700000,42,dqn,learned,0.138514,4,0.001539,0.000000,0.202670,0,0,8,True,reports/v31_no_warmup_dqn_split_diagnostic/raw/budget1p70_seed42/v2_dqn_split_metrics.csv,/home/zhangzhuyu/_code/microclimate_demo/rl_sensor_scheduling_framework/reports/v31_split_protocol_no_warmup/raw/budget1p70_seed42
dqn_split_diagnostic,split_train_eval,1.700000,42,aoi,dynamic_heuristic,0.142273,5,0.005298,0.003759,0.538418,0,0,8,True,reports/v31_no_warmup_dqn_split_diagnostic/raw/budget1p70_seed42/v2_dqn_split_metrics.csv,/home/zhangzhuyu/_code/microclimate_demo/rl_sensor_scheduling_framework/reports/v31_split_protocol_no_warmup/raw/budget1p70_seed42
dqn_split_diagnostic,split_train_eval,1.700000,42,random,random,0.144382,6,0.007406,0.005867,0.423327,0,0,8,True,reports/v31_no_warmup_dqn_split_diagnostic/raw/budget1p70_seed42/v2_dqn_split_metrics.csv,/home/zhangzhuyu/_code/microclimate_demo/rl_sensor_scheduling_framework/reports/v31_split_protocol_no_warmup/raw/budget1p70_seed42
dqn_split_diagnostic,split_train_eval,1.700000,43,aoi,dynamic_heuristic,0.134004,1,0.000000,-0.005781,0.538499,0,0,8,True,reports/v31_no_warmup_dqn_split_diagnostic/raw/budget1p70_seed43/v2_dqn_split_metrics.csv,/home/zhangzhuyu/_code/microclimate_demo/rl_sensor_scheduling_framework/reports/v31_split_protocol_no_warmup/raw/budget1p70_seed43
dqn_split_diagnostic,split_train_eval,1.700000,43,round_robin,dynamic_heuristic,0.134607,2,0.000603,-0.005178,0.250000,0,0,8,True,reports/v31_no_warmup_dqn_split_diagnostic/raw/budget1p70_seed43/v2_dqn_split_metrics.csv,/home/zhangzhuyu/_code/microclimate_demo/rl_sensor_scheduling_framework/reports/v31_split_protocol_no_warmup/raw/budget1p70_seed43
dqn_split_diagnostic,split_train_eval,1.700000,43,random,random,0.137280,3,0.003276,-0.002505,0.440990,0,0,8,True,reports/v31_no_warmup_dqn_split_diagnostic/raw/budget1p70_seed43/v2_dqn_split_metrics.csv,/home/zhangzhuyu/_code/microclimate_demo/rl_sensor_scheduling_framework/reports/v31_split_protocol_no_warmup/raw/budget1p70_seed43
dqn_split_diagnostic,split_train_eval,1.700000,43,dqn,learned,0.139785,4,0.005781,0.000000,0.233355,0,0,8,True,reports/v31_no_warmup_dqn_split_diagnostic/raw/budget1p70_seed43/v2_dqn_split_metrics.csv,/home/zhangzhuyu/_code/microclimate_demo/rl_sensor_scheduling_framework/reports/v31_split_protocol_no_warmup/raw/budget1p70_seed43
dqn_split_diagnostic,split_train_eval,1.700000,43,validation_selected_static,static,0.144332,5,0.010328,0.004547,0.000000,3,5,0,False,reports/v31_no_warmup_dqn_split_diagnostic/raw/budget1p70_seed43/v2_dqn_split_metrics.csv,/home/zhangzhuyu/_code/microclimate_demo/rl_sensor_scheduling_framework/reports/v31_split_protocol_no_warmup/raw/budget1p70_seed43
dqn_split_diagnostic,split_train_eval,1.700000,43,feasible_static_projected,static,0.167017,6,0.033013,0.027231,0.000000,3,5,0,False,reports/v31_no_warmup_dqn_split_diagnostic/raw/budget1p70_seed43/v2_dqn_split_metrics.csv,/home/zhangzhuyu/_code/microclimate_demo/rl_sensor_scheduling_framework/reports/v31_split_protocol_no_warmup/raw/budget1p70_seed43
env_dwell6_replay,operational_replay,1.700000,41,round_robin,dynamic_heuristic,0.123785,1,0.000000,-0.007755,0.072725,0,1,7,False,reports/v31_env_dwell6_operational_eval/no_warmup_hguard_seed41/v2_custom_ppo_metrics.csv,reports/v31_split_protocol_no_warmup_hguard_reduced/raw/budget1p70_seed41
env_dwell6_replay,operational_replay,1.700000,41,aoi,dynamic_heuristic,0.129335,2,0.005550,-0.002204,0.111021,0,0,8,True,reports/v31_env_dwell6_operational_eval/no_warmup_hguard_seed41/v2_custom_ppo_metrics.csv,reports/v31_split_protocol_no_warmup_hguard_reduced/raw/budget1p70_seed41
env_dwell6_replay,operational_replay,1.700000,41,duty_constrained_feasible_static_projected,static_projected,0.130342,3,0.006558,-0.001197,0.106381,0,0,8,True,reports/v31_env_dwell6_operational_eval/no_warmup_hguard_seed41/v2_custom_ppo_metrics.csv,reports/v31_split_protocol_no_warmup_hguard_reduced/raw/budget1p70_seed41
env_dwell6_replay,operational_replay,1.700000,41,random,random,0.131011,4,0.007226,-0.000528,0.078056,0,0,8,True,reports/v31_env_dwell6_operational_eval/no_warmup_hguard_seed41/v2_custom_ppo_metrics.csv,reports/v31_split_protocol_no_warmup_hguard_reduced/raw/budget1p70_seed41
env_dwell6_replay,operational_replay,1.700000,41,custom_ppo,learned,0.131539,5,0.007755,0.000000,0.070527,0,0,8,True,reports/v31_env_dwell6_operational_eval/no_warmup_hguard_seed41/v2_custom_ppo_metrics.csv,reports/v31_split_protocol_no_warmup_hguard_reduced/raw/budget1p70_seed41
env_dwell6_replay,operational_replay,1.700000,41,duty_constrained_random,operational_dynamic,0.132109,6,0.008325,0.000570,0.078545,0,0,8,True,reports/v31_env_dwell6_operational_eval/no_warmup_hguard_seed41/v2_custom_ppo_metrics.csv,reports/v31_split_protocol_no_warmup_hguard_reduced/raw/budget1p70_seed41
env_dwell6_replay,operational_replay,1.700000,41,duty_constrained_aoi,operational_dynamic,0.133532,7,0.009747,0.001993,0.111835,0,0,8,True,reports/v31_env_dwell6_operational_eval/no_warmup_hguard_seed41/v2_custom_ppo_metrics.csv,reports/v31_split_protocol_no_warmup_hguard_reduced/raw/budget1p70_seed41
env_dwell6_replay,operational_replay,1.700000,41,duty_constrained_round_robin,operational_dynamic,0.133624,8,0.009839,0.002085,0.081231,0,0,8,True,reports/v31_env_dwell6_operational_eval/no_warmup_hguard_seed41/v2_custom_ppo_metrics.csv,reports/v31_split_protocol_no_warmup_hguard_reduced/raw/budget1p70_seed41
env_dwell6_replay,operational_replay,1.700000,41,validation_selected_static,static,0.137017,9,0.013232,0.005478,0.000000,3,5,0,False,reports/v31_env_dwell6_operational_eval/no_warmup_hguard_seed41/v2_custom_ppo_metrics.csv,reports/v31_split_protocol_no_warmup_hguard_reduced/raw/budget1p70_seed41
env_dwell6_replay,operational_replay,1.700000,41,feasible_static_projected,static,0.146767,10,0.022982,0.015227,0.000000,3,5,0,False,reports/v31_env_dwell6_operational_eval/no_warmup_hguard_seed41/v2_custom_ppo_metrics.csv,reports/v31_split_protocol_no_warmup_hguard_reduced/raw/budget1p70_seed41
env_dwell6_replay,operational_replay,1.700000,42,validation_selected_static,static,0.142457,1,0.000000,-0.007594,0.000000,3,5,0,False,reports/v31_env_dwell6_operational_eval/no_warmup_hguard_seed42/v2_custom_ppo_metrics.csv,reports/v31_split_protocol_no_warmup_hguard_reduced/raw/budget1p70_seed42
env_dwell6_replay,operational_replay,1.700000,42,feasible_static_projected,static,0.142457,2,0.000000,-0.007594,0.000000,3,5,0,False,reports/v31_env_dwell6_operational_eval/no_warmup_hguard_seed42/v2_custom_ppo_metrics.csv,reports/v31_split_protocol_no_warmup_hguard_reduced/raw/budget1p70_seed42
env_dwell6_replay,operational_replay,1.700000,42,round_robin,dynamic_heuristic,0.149372,3,0.006915,-0.000679,0.072725,0,1,7,False,reports/v31_env_dwell6_operational_eval/no_warmup_hguard_seed42/v2_custom_ppo_metrics.csv,reports/v31_split_protocol_no_warmup_hguard_reduced/raw/budget1p70_seed42
env_dwell6_replay,operational_replay,1.700000,42,custom_ppo,learned,0.150051,4,0.007594,0.000000,0.055022,0,0,8,True,reports/v31_env_dwell6_operational_eval/no_warmup_hguard_seed42/v2_custom_ppo_metrics.csv,reports/v31_split_protocol_no_warmup_hguard_reduced/raw/budget1p70_seed42
env_dwell6_replay,operational_replay,1.700000,42,aoi,dynamic_heuristic,0.157534,5,0.015077,0.007484,0.111021,0,0,8,True,reports/v31_env_dwell6_operational_eval/no_warmup_hguard_seed42/v2_custom_ppo_metrics.csv,reports/v31_split_protocol_no_warmup_hguard_reduced/raw/budget1p70_seed42
env_dwell6_replay,operational_replay,1.700000,42,duty_constrained_feasible_static_projected,static_projected,0.158918,6,0.016461,0.008867,0.106381,0,0,8,True,reports/v31_env_dwell6_operational_eval/no_warmup_hguard_seed42/v2_custom_ppo_metrics.csv,reports/v31_split_protocol_no_warmup_hguard_reduced/raw/budget1p70_seed42
env_dwell6_replay,operational_replay,1.700000,42,duty_constrained_aoi,operational_dynamic,0.159977,7,0.017520,0.009926,0.111875,0,0,8,True,reports/v31_env_dwell6_operational_eval/no_warmup_hguard_seed42/v2_custom_ppo_metrics.csv,reports/v31_split_protocol_no_warmup_hguard_reduced/raw/budget1p70_seed42
env_dwell6_replay,operational_replay,1.700000,42,random,random,0.160243,8,0.017786,0.010192,0.078545,0,0,8,True,reports/v31_env_dwell6_operational_eval/no_warmup_hguard_seed42/v2_custom_ppo_metrics.csv,reports/v31_split_protocol_no_warmup_hguard_reduced/raw/budget1p70_seed42
env_dwell6_replay,operational_replay,1.700000,42,duty_constrained_round_robin,operational_dynamic,0.160558,9,0.018101,0.010507,0.081231,0,0,8,True,reports/v31_env_dwell6_operational_eval/no_warmup_hguard_seed42/v2_custom_ppo_metrics.csv,reports/v31_split_protocol_no_warmup_hguard_reduced/raw/budget1p70_seed42
env_dwell6_replay,operational_replay,1.700000,42,duty_constrained_random,operational_dynamic,0.163423,10,0.020966,0.013372,0.084446,0,0,8,True,reports/v31_env_dwell6_operational_eval/no_warmup_hguard_seed42/v2_custom_ppo_metrics.csv,reports/v31_split_protocol_no_warmup_hguard_reduced/raw/budget1p70_seed42
env_dwell6_replay,operational_replay,1.700000,43,round_robin,dynamic_heuristic,0.141900,1,0.000000,-0.006439,0.072725,0,1,7,False,reports/v31_env_dwell6_operational_eval/no_warmup_hguard_seed43/v2_custom_ppo_metrics.csv,reports/v31_split_protocol_no_warmup_hguard_reduced/raw/budget1p70_seed43
env_dwell6_replay,operational_replay,1.700000,43,validation_selected_static,static,0.145974,2,0.004074,-0.002365,0.000000,3,5,0,False,reports/v31_env_dwell6_operational_eval/no_warmup_hguard_seed43/v2_custom_ppo_metrics.csv,reports/v31_split_protocol_no_warmup_hguard_reduced/raw/budget1p70_seed43
env_dwell6_replay,operational_replay,1.700000,43,aoi,dynamic_heuristic,0.146533,3,0.004632,-0.001807,0.111021,0,0,8,True,reports/v31_env_dwell6_operational_eval/no_warmup_hguard_seed43/v2_custom_ppo_metrics.csv,reports/v31_split_protocol_no_warmup_hguard_reduced/raw/budget1p70_seed43
env_dwell6_replay,operational_replay,1.700000,43,custom_ppo,learned,0.148339,4,0.006439,0.000000,0.065644,0,0,8,True,reports/v31_env_dwell6_operational_eval/no_warmup_hguard_seed43/v2_custom_ppo_metrics.csv,reports/v31_split_protocol_no_warmup_hguard_reduced/raw/budget1p70_seed43
env_dwell6_replay,operational_replay,1.700000,43,duty_constrained_feasible_static_projected,static_projected,0.148856,5,0.006956,0.000517,0.106381,0,0,8,True,reports/v31_env_dwell6_operational_eval/no_warmup_hguard_seed43/v2_custom_ppo_metrics.csv,reports/v31_split_protocol_no_warmup_hguard_reduced/raw/budget1p70_seed43
env_dwell6_replay,operational_replay,1.700000,43,random,random,0.148868,6,0.006967,0.000528,0.082452,0,0,8,True,reports/v31_env_dwell6_operational_eval/no_warmup_hguard_seed43/v2_custom_ppo_metrics.csv,reports/v31_split_protocol_no_warmup_hguard_reduced/raw/budget1p70_seed43
env_dwell6_replay,operational_replay,1.700000,43,duty_constrained_aoi,operational_dynamic,0.151540,7,0.009640,0.003201,0.111875,0,0,8,True,reports/v31_env_dwell6_operational_eval/no_warmup_hguard_seed43/v2_custom_ppo_metrics.csv,reports/v31_split_protocol_no_warmup_hguard_reduced/raw/budget1p70_seed43
env_dwell6_replay,operational_replay,1.700000,43,duty_constrained_random,operational_dynamic,0.153568,8,0.011667,0.005228,0.075818,0,0,8,True,reports/v31_env_dwell6_operational_eval/no_warmup_hguard_seed43/v2_custom_ppo_metrics.csv,reports/v31_split_protocol_no_warmup_hguard_reduced/raw/budget1p70_seed43
env_dwell6_replay,operational_replay,1.700000,43,duty_constrained_round_robin,operational_dynamic,0.158672,9,0.016772,0.010333,0.081231,0,0,8,True,reports/v31_env_dwell6_operational_eval/no_warmup_hguard_seed43/v2_custom_ppo_metrics.csv,reports/v31_split_protocol_no_warmup_hguard_reduced/raw/budget1p70_seed43
env_dwell6_replay,operational_replay,1.700000,43,feasible_static_projected,static,0.164626,10,0.022726,0.016287,0.000000,3,5,0,False,reports/v31_env_dwell6_operational_eval/no_warmup_hguard_seed43/v2_custom_ppo_metrics.csv,reports/v31_split_protocol_no_warmup_hguard_reduced/raw/budget1p70_seed43
env_dwell12_replay,operational_replay,1.700000,41,duty_constrained_round_robin,operational_dynamic,0.132648,1,0.000000,-0.004367,0.056324,0,0,8,True,reports/v31_env_dwell12_operational_eval/no_warmup_hguard_seed41/v2_custom_ppo_metrics.csv,reports/v31_split_protocol_no_warmup_hguard_reduced/raw/budget1p70_seed41
env_dwell12_replay,operational_replay,1.700000,41,custom_ppo,learned,0.137015,2,0.004367,0.000000,0.035528,0,0,8,True,reports/v31_env_dwell12_operational_eval/no_warmup_hguard_seed41/v2_custom_ppo_metrics.csv,reports/v31_split_protocol_no_warmup_hguard_reduced/raw/budget1p70_seed41
env_dwell12_replay,operational_replay,1.700000,41,validation_selected_static,static,0.137017,3,0.004369,0.000002,0.000000,3,5,0,False,reports/v31_env_dwell12_operational_eval/no_warmup_hguard_seed41/v2_custom_ppo_metrics.csv,reports/v31_split_protocol_no_warmup_hguard_reduced/raw/budget1p70_seed41
env_dwell12_replay,operational_replay,1.700000,41,duty_constrained_aoi,operational_dynamic,0.139420,4,0.006772,0.002405,0.057138,0,0,8,True,reports/v31_env_dwell12_operational_eval/no_warmup_hguard_seed41/v2_custom_ppo_metrics.csv,reports/v31_split_protocol_no_warmup_hguard_reduced/raw/budget1p70_seed41
env_dwell12_replay,operational_replay,1.700000,41,duty_constrained_random,operational_dynamic,0.139672,5,0.007024,0.002657,0.040737,0,0,8,True,reports/v31_env_dwell12_operational_eval/no_warmup_hguard_seed41/v2_custom_ppo_metrics.csv,reports/v31_split_protocol_no_warmup_hguard_reduced/raw/budget1p70_seed41
env_dwell12_replay,operational_replay,1.700000,41,aoi,dynamic_heuristic,0.139986,6,0.007338,0.002971,0.055632,0,0,8,True,reports/v31_env_dwell12_operational_eval/no_warmup_hguard_seed41/v2_custom_ppo_metrics.csv,reports/v31_split_protocol_no_warmup_hguard_reduced/raw/budget1p70_seed41
env_dwell12_replay,operational_replay,1.700000,41,duty_constrained_feasible_static_projected,static_projected,0.141116,7,0.008469,0.004101,0.052906,0,0,8,True,reports/v31_env_dwell12_operational_eval/no_warmup_hguard_seed41/v2_custom_ppo_metrics.csv,reports/v31_split_protocol_no_warmup_hguard_reduced/raw/budget1p70_seed41
env_dwell12_replay,operational_replay,1.700000,41,random,random,0.144837,8,0.012189,0.007822,0.037767,0,0,8,True,reports/v31_env_dwell12_operational_eval/no_warmup_hguard_seed41/v2_custom_ppo_metrics.csv,reports/v31_split_protocol_no_warmup_hguard_reduced/raw/budget1p70_seed41
env_dwell12_replay,operational_replay,1.700000,41,feasible_static_projected,static,0.146767,9,0.014119,0.009751,0.000000,3,5,0,False,reports/v31_env_dwell12_operational_eval/no_warmup_hguard_seed41/v2_custom_ppo_metrics.csv,reports/v31_split_protocol_no_warmup_hguard_reduced/raw/budget1p70_seed41
env_dwell12_replay,operational_replay,1.700000,41,round_robin,dynamic_heuristic,0.157172,10,0.024524,0.020157,0.020959,2,4,2,False,reports/v31_env_dwell12_operational_eval/no_warmup_hguard_seed41/v2_custom_ppo_metrics.csv,reports/v31_split_protocol_no_warmup_hguard_reduced/raw/budget1p70_seed41
env_dwell12_replay,operational_replay,1.700000,42,validation_selected_static,static,0.142457,1,0.000000,-0.011790,0.000000,3,5,0,False,reports/v31_env_dwell12_operational_eval/no_warmup_hguard_seed42/v2_custom_ppo_metrics.csv,reports/v31_split_protocol_no_warmup_hguard_reduced/raw/budget1p70_seed42
env_dwell12_replay,operational_replay,1.700000,42,feasible_static_projected,static,0.142457,2,0.000000,-0.011790,0.000000,3,5,0,False,reports/v31_env_dwell12_operational_eval/no_warmup_hguard_seed42/v2_custom_ppo_metrics.csv,reports/v31_split_protocol_no_warmup_hguard_reduced/raw/budget1p70_seed42
env_dwell12_replay,operational_replay,1.700000,42,custom_ppo,learned,0.154247,3,0.011790,0.000000,0.029993,0,0,8,True,reports/v31_env_dwell12_operational_eval/no_warmup_hguard_seed42/v2_custom_ppo_metrics.csv,reports/v31_split_protocol_no_warmup_hguard_reduced/raw/budget1p70_seed42
env_dwell12_replay,operational_replay,1.700000,42,round_robin,dynamic_heuristic,0.159633,4,0.017176,0.005386,0.020959,2,4,2,False,reports/v31_env_dwell12_operational_eval/no_warmup_hguard_seed42/v2_custom_ppo_metrics.csv,reports/v31_split_protocol_no_warmup_hguard_reduced/raw/budget1p70_seed42
env_dwell12_replay,operational_replay,1.700000,42,duty_constrained_feasible_static_projected,static_projected,0.163028,5,0.020572,0.008782,0.052906,0,0,8,True,reports/v31_env_dwell12_operational_eval/no_warmup_hguard_seed42/v2_custom_ppo_metrics.csv,reports/v31_split_protocol_no_warmup_hguard_reduced/raw/budget1p70_seed42
env_dwell12_replay,operational_replay,1.700000,42,duty_constrained_round_robin,operational_dynamic,0.164329,6,0.021872,0.010083,0.056324,0,0,8,True,reports/v31_env_dwell12_operational_eval/no_warmup_hguard_seed42/v2_custom_ppo_metrics.csv,reports/v31_split_protocol_no_warmup_hguard_reduced/raw/budget1p70_seed42
env_dwell12_replay,operational_replay,1.700000,42,duty_constrained_aoi,operational_dynamic,0.164352,7,0.021895,0.010106,0.057057,0,0,8,True,reports/v31_env_dwell12_operational_eval/no_warmup_hguard_seed42/v2_custom_ppo_metrics.csv,reports/v31_split_protocol_no_warmup_hguard_reduced/raw/budget1p70_seed42
env_dwell12_replay,operational_replay,1.700000,42,random,random,0.165395,8,0.022938,0.011149,0.040493,0,0,8,True,reports/v31_env_dwell12_operational_eval/no_warmup_hguard_seed42/v2_custom_ppo_metrics.csv,reports/v31_split_protocol_no_warmup_hguard_reduced/raw/budget1p70_seed42
env_dwell12_replay,operational_replay,1.700000,42,duty_constrained_random,operational_dynamic,0.165657,9,0.023200,0.011411,0.041918,0,0,8,True,reports/v31_env_dwell12_operational_eval/no_warmup_hguard_seed42/v2_custom_ppo_metrics.csv,reports/v31_split_protocol_no_warmup_hguard_reduced/raw/budget1p70_seed42
env_dwell12_replay,operational_replay,1.700000,42,aoi,dynamic_heuristic,0.169551,10,0.027094,0.015305,0.055632,0,0,8,True,reports/v31_env_dwell12_operational_eval/no_warmup_hguard_seed42/v2_custom_ppo_metrics.csv,reports/v31_split_protocol_no_warmup_hguard_reduced/raw/budget1p70_seed42
env_dwell12_replay,operational_replay,1.700000,43,validation_selected_static,static,0.145974,1,0.000000,-0.002041,0.000000,3,5,0,False,reports/v31_env_dwell12_operational_eval/no_warmup_hguard_seed43/v2_custom_ppo_metrics.csv,reports/v31_split_protocol_no_warmup_hguard_reduced/raw/budget1p70_seed43
env_dwell12_replay,operational_replay,1.700000,43,custom_ppo,learned,0.148015,2,0.002041,0.000000,0.038377,0,0,8,True,reports/v31_env_dwell12_operational_eval/no_warmup_hguard_seed43/v2_custom_ppo_metrics.csv,reports/v31_split_protocol_no_warmup_hguard_reduced/raw/budget1p70_seed43
env_dwell12_replay,operational_replay,1.700000,43,random,random,0.151860,3,0.005885,0.003844,0.039557,0,0,8,True,reports/v31_env_dwell12_operational_eval/no_warmup_hguard_seed43/v2_custom_ppo_metrics.csv,reports/v31_split_protocol_no_warmup_hguard_reduced/raw/budget1p70_seed43
env_dwell12_replay,operational_replay,1.700000,43,aoi,dynamic_heuristic,0.152278,4,0.006304,0.004263,0.055632,0,0,8,True,reports/v31_env_dwell12_operational_eval/no_warmup_hguard_seed43/v2_custom_ppo_metrics.csv,reports/v31_split_protocol_no_warmup_hguard_reduced/raw/budget1p70_seed43
env_dwell12_replay,operational_replay,1.700000,43,duty_constrained_aoi,operational_dynamic,0.152994,5,0.007020,0.004979,0.057098,0,0,8,True,reports/v31_env_dwell12_operational_eval/no_warmup_hguard_seed43/v2_custom_ppo_metrics.csv,reports/v31_split_protocol_no_warmup_hguard_reduced/raw/budget1p70_seed43
env_dwell12_replay,operational_replay,1.700000,43,duty_constrained_feasible_static_projected,static_projected,0.154601,6,0.008627,0.006586,0.052906,0,0,8,True,reports/v31_env_dwell12_operational_eval/no_warmup_hguard_seed43/v2_custom_ppo_metrics.csv,reports/v31_split_protocol_no_warmup_hguard_reduced/raw/budget1p70_seed43
env_dwell12_replay,operational_replay,1.700000,43,duty_constrained_round_robin,operational_dynamic,0.156368,7,0.010394,0.008353,0.056324,0,0,8,True,reports/v31_env_dwell12_operational_eval/no_warmup_hguard_seed43/v2_custom_ppo_metrics.csv,reports/v31_split_protocol_no_warmup_hguard_reduced/raw/budget1p70_seed43
env_dwell12_replay,operational_replay,1.700000,43,duty_constrained_random,operational_dynamic,0.157201,8,0.011227,0.009186,0.042894,0,0,8,True,reports/v31_env_dwell12_operational_eval/no_warmup_hguard_seed43/v2_custom_ppo_metrics.csv,reports/v31_split_protocol_no_warmup_hguard_reduced/raw/budget1p70_seed43
env_dwell12_replay,operational_replay,1.700000,43,feasible_static_projected,static,0.164626,9,0.018652,0.016611,0.000000,3,5,0,False,reports/v31_env_dwell12_operational_eval/no_warmup_hguard_seed43/v2_custom_ppo_metrics.csv,reports/v31_split_protocol_no_warmup_hguard_reduced/raw/budget1p70_seed43
env_dwell12_replay,operational_replay,1.700000,43,round_robin,dynamic_heuristic,0.179799,10,0.033825,0.031784,0.020959,2,4,2,False,reports/v31_env_dwell12_operational_eval/no_warmup_hguard_seed43/v2_custom_ppo_metrics.csv,reports/v31_split_protocol_no_warmup_hguard_reduced/raw/budget1p70_seed43
switch_limited_replay,operational_replay,1.700000,41,round_robin,dynamic_heuristic,0.113377,1,0.000000,-0.007368,0.250000,0,0,8,True,reports/v31_switch_limited_operational_eval/no_warmup_hguard_seed41/v2_custom_ppo_metrics.csv,reports/v31_split_protocol_no_warmup_hguard_reduced/raw/budget1p70_seed41
switch_limited_replay,operational_replay,1.700000,41,aoi,dynamic_heuristic,0.117049,2,0.003673,-0.003695,0.538621,0,0,8,True,reports/v31_switch_limited_operational_eval/no_warmup_hguard_seed41/v2_custom_ppo_metrics.csv,reports/v31_split_protocol_no_warmup_hguard_reduced/raw/budget1p70_seed41
switch_limited_replay,operational_replay,1.700000,41,duty_constrained_feasible_static_projected,static_projected,0.117798,3,0.004421,-0.002946,0.643578,0,0,8,True,reports/v31_switch_limited_operational_eval/no_warmup_hguard_seed41/v2_custom_ppo_metrics.csv,reports/v31_split_protocol_no_warmup_hguard_reduced/raw/budget1p70_seed41
switch_limited_replay,operational_replay,1.700000,41,duty_constrained_aoi,operational_dynamic,0.118588,4,0.005211,-0.002156,0.569510,0,0,8,True,reports/v31_switch_limited_operational_eval/no_warmup_hguard_seed41/v2_custom_ppo_metrics.csv,reports/v31_split_protocol_no_warmup_hguard_reduced/raw/budget1p70_seed41
switch_limited_replay,operational_replay,1.700000,41,random,random,0.118891,5,0.005515,-0.001853,0.434315,0,0,8,True,reports/v31_switch_limited_operational_eval/no_warmup_hguard_seed41/v2_custom_ppo_metrics.csv,reports/v31_split_protocol_no_warmup_hguard_reduced/raw/budget1p70_seed41
switch_limited_replay,operational_replay,1.700000,41,duty_constrained_round_robin,operational_dynamic,0.119496,6,0.006119,-0.001249,0.426502,0,0,8,True,reports/v31_switch_limited_operational_eval/no_warmup_hguard_seed41/v2_custom_ppo_metrics.csv,reports/v31_split_protocol_no_warmup_hguard_reduced/raw/budget1p70_seed41
switch_limited_replay,operational_replay,1.700000,41,custom_ppo,learned,0.120744,7,0.007368,0.000000,0.346044,0,0,8,True,reports/v31_switch_limited_operational_eval/no_warmup_hguard_seed41/v2_custom_ppo_metrics.csv,reports/v31_split_protocol_no_warmup_hguard_reduced/raw/budget1p70_seed41
switch_limited_replay,operational_replay,1.700000,41,duty_constrained_random,operational_dynamic,0.121395,8,0.008018,0.000651,0.435089,0,0,8,True,reports/v31_switch_limited_operational_eval/no_warmup_hguard_seed41/v2_custom_ppo_metrics.csv,reports/v31_split_protocol_no_warmup_hguard_reduced/raw/budget1p70_seed41
switch_limited_replay,operational_replay,1.700000,41,custom_ppo_dwell6,learned,0.127228,9,0.013851,0.006483,0.182688,0,0,8,True,reports/v31_switch_limited_operational_eval/no_warmup_hguard_seed41/v2_custom_ppo_metrics.csv,reports/v31_split_protocol_no_warmup_hguard_reduced/raw/budget1p70_seed41
switch_limited_replay,operational_replay,1.700000,41,custom_ppo_dwell12,learned,0.127482,10,0.014105,0.006738,0.153427,0,0,8,True,reports/v31_switch_limited_operational_eval/no_warmup_hguard_seed41/v2_custom_ppo_metrics.csv,reports/v31_split_protocol_no_warmup_hguard_reduced/raw/budget1p70_seed41
switch_limited_replay,operational_replay,1.700000,41,dwell6_aoi,operational_dynamic,0.129335,11,0.015958,0.008591,0.111021,0,0,8,True,reports/v31_switch_limited_operational_eval/no_warmup_hguard_seed41/v2_custom_ppo_metrics.csv,reports/v31_split_protocol_no_warmup_hguard_reduced/raw/budget1p70_seed41
switch_limited_replay,operational_replay,1.700000,41,dwell6_round_robin,operational_dynamic,0.130880,12,0.017503,0.010136,0.046598,0,0,8,True,reports/v31_switch_limited_operational_eval/no_warmup_hguard_seed41/v2_custom_ppo_metrics.csv,reports/v31_split_protocol_no_warmup_hguard_reduced/raw/budget1p70_seed41
switch_limited_replay,operational_replay,1.700000,41,dwell6_random,operational_dynamic,0.132133,13,0.018756,0.011388,0.078056,0,0,8,True,reports/v31_switch_limited_operational_eval/no_warmup_hguard_seed41/v2_custom_ppo_metrics.csv,reports/v31_split_protocol_no_warmup_hguard_reduced/raw/budget1p70_seed41
switch_limited_replay,operational_replay,1.700000,41,duty_dwell6_random,operational_dynamic,0.133311,14,0.019934,0.012567,0.081475,0,0,8,True,reports/v31_switch_limited_operational_eval/no_warmup_hguard_seed41/v2_custom_ppo_metrics.csv,reports/v31_split_protocol_no_warmup_hguard_reduced/raw/budget1p70_seed41
switch_limited_replay,operational_replay,1.700000,41,duty_dwell6_aoi,operational_dynamic,0.133532,15,0.020155,0.012788,0.111835,0,0,8,True,reports/v31_switch_limited_operational_eval/no_warmup_hguard_seed41/v2_custom_ppo_metrics.csv,reports/v31_split_protocol_no_warmup_hguard_reduced/raw/budget1p70_seed41
switch_limited_replay,operational_replay,1.700000,41,duty_dwell6_round_robin,operational_dynamic,0.133892,16,0.020515,0.013147,0.082004,0,0,8,True,reports/v31_switch_limited_operational_eval/no_warmup_hguard_seed41/v2_custom_ppo_metrics.csv,reports/v31_split_protocol_no_warmup_hguard_reduced/raw/budget1p70_seed41
switch_limited_replay,operational_replay,1.700000,41,validation_selected_static,static,0.137017,17,0.023640,0.016273,0.000000,3,5,0,False,reports/v31_switch_limited_operational_eval/no_warmup_hguard_seed41/v2_custom_ppo_metrics.csv,reports/v31_split_protocol_no_warmup_hguard_reduced/raw/budget1p70_seed41
switch_limited_replay,operational_replay,1.700000,41,dwell12_random,operational_dynamic,0.137630,18,0.024253,0.016886,0.041714,0,0,8,True,reports/v31_switch_limited_operational_eval/no_warmup_hguard_seed41/v2_custom_ppo_metrics.csv,reports/v31_split_protocol_no_warmup_hguard_reduced/raw/budget1p70_seed41
switch_limited_replay,operational_replay,1.700000,41,duty_dwell12_random,operational_dynamic,0.137642,19,0.024265,0.016898,0.040249,0,0,8,True,reports/v31_switch_limited_operational_eval/no_warmup_hguard_seed41/v2_custom_ppo_metrics.csv,reports/v31_split_protocol_no_warmup_hguard_reduced/raw/budget1p70_seed41
switch_limited_replay,operational_replay,1.700000,41,dwell12_round_robin,operational_dynamic,0.138154,20,0.024777,0.017410,0.023441,0,0,8,True,reports/v31_switch_limited_operational_eval/no_warmup_hguard_seed41/v2_custom_ppo_metrics.csv,reports/v31_split_protocol_no_warmup_hguard_reduced/raw/budget1p70_seed41
switch_limited_replay,operational_replay,1.700000,41,duty_dwell12_aoi,operational_dynamic,0.139420,21,0.026043,0.018675,0.057138,0,0,8,True,reports/v31_switch_limited_operational_eval/no_warmup_hguard_seed41/v2_custom_ppo_metrics.csv,reports/v31_split_protocol_no_warmup_hguard_reduced/raw/budget1p70_seed41
switch_limited_replay,operational_replay,1.700000,41,dwell12_aoi,operational_dynamic,0.139986,22,0.026609,0.019242,0.055632,0,0,8,True,reports/v31_switch_limited_operational_eval/no_warmup_hguard_seed41/v2_custom_ppo_metrics.csv,reports/v31_split_protocol_no_warmup_hguard_reduced/raw/budget1p70_seed41
switch_limited_replay,operational_replay,1.700000,41,duty_dwell12_round_robin,operational_dynamic,0.140330,23,0.026954,0.019586,0.042894,0,0,8,True,reports/v31_switch_limited_operational_eval/no_warmup_hguard_seed41/v2_custom_ppo_metrics.csv,reports/v31_split_protocol_no_warmup_hguard_reduced/raw/budget1p70_seed41
switch_limited_replay,operational_replay,1.700000,41,feasible_static_projected,static,0.146767,24,0.033390,0.026022,0.000000,3,5,0,False,reports/v31_switch_limited_operational_eval/no_warmup_hguard_seed41/v2_custom_ppo_metrics.csv,reports/v31_split_protocol_no_warmup_hguard_reduced/raw/budget1p70_seed41
switch_limited_replay,operational_replay,1.700000,42,validation_selected_static,static,0.142457,1,0.000000,-0.002678,0.000000,3,5,0,False,reports/v31_switch_limited_operational_eval/no_warmup_hguard_seed42/v2_custom_ppo_metrics.csv,reports/v31_split_protocol_no_warmup_hguard_reduced/raw/budget1p70_seed42
switch_limited_replay,operational_replay,1.700000,42,feasible_static_projected,static,0.142457,2,0.000000,-0.002678,0.000000,3,5,0,False,reports/v31_switch_limited_operational_eval/no_warmup_hguard_seed42/v2_custom_ppo_metrics.csv,reports/v31_split_protocol_no_warmup_hguard_reduced/raw/budget1p70_seed42
switch_limited_replay,operational_replay,1.700000,42,round_robin,dynamic_heuristic,0.142606,3,0.000149,-0.002528,0.250000,0,0,8,True,reports/v31_switch_limited_operational_eval/no_warmup_hguard_seed42/v2_custom_ppo_metrics.csv,reports/v31_split_protocol_no_warmup_hguard_reduced/raw/budget1p70_seed42
switch_limited_replay,operational_replay,1.700000,42,custom_ppo,learned,0.145135,4,0.002678,0.000000,0.273808,0,0,8,True,reports/v31_switch_limited_operational_eval/no_warmup_hguard_seed42/v2_custom_ppo_metrics.csv,reports/v31_split_protocol_no_warmup_hguard_reduced/raw/budget1p70_seed42
switch_limited_replay,operational_replay,1.700000,42,duty_constrained_feasible_static_projected,static_projected,0.147198,5,0.004741,0.002064,0.643578,0,0,8,True,reports/v31_switch_limited_operational_eval/no_warmup_hguard_seed42/v2_custom_ppo_metrics.csv,reports/v31_split_protocol_no_warmup_hguard_reduced/raw/budget1p70_seed42
switch_limited_replay,operational_replay,1.700000,42,custom_ppo_dwell6,learned,0.147199,6,0.004743,0.002065,0.170804,0,0,8,True,reports/v31_switch_limited_operational_eval/no_warmup_hguard_seed42/v2_custom_ppo_metrics.csv,reports/v31_split_protocol_no_warmup_hguard_reduced/raw/budget1p70_seed42
switch_limited_replay,operational_replay,1.700000,42,aoi,dynamic_heuristic,0.147391,7,0.004934,0.002256,0.538418,0,0,8,True,reports/v31_switch_limited_operational_eval/no_warmup_hguard_seed42/v2_custom_ppo_metrics.csv,reports/v31_split_protocol_no_warmup_hguard_reduced/raw/budget1p70_seed42
switch_limited_replay,operational_replay,1.700000,42,custom_ppo_dwell12,learned,0.148089,8,0.005632,0.002955,0.160833,0,0,8,True,reports/v31_switch_limited_operational_eval/no_warmup_hguard_seed42/v2_custom_ppo_metrics.csv,reports/v31_split_protocol_no_warmup_hguard_reduced/raw/budget1p70_seed42
switch_limited_replay,operational_replay,1.700000,42,duty_constrained_round_robin,operational_dynamic,0.148494,9,0.006037,0.003359,0.426502,0,0,8,True,reports/v31_switch_limited_operational_eval/no_warmup_hguard_seed42/v2_custom_ppo_metrics.csv,reports/v31_split_protocol_no_warmup_hguard_reduced/raw/budget1p70_seed42
switch_limited_replay,operational_replay,1.700000,42,duty_constrained_aoi,operational_dynamic,0.148500,10,0.006043,0.003366,0.566173,0,0,8,True,reports/v31_switch_limited_operational_eval/no_warmup_hguard_seed42/v2_custom_ppo_metrics.csv,reports/v31_split_protocol_no_warmup_hguard_reduced/raw/budget1p70_seed42
switch_limited_replay,operational_replay,1.700000,42,duty_constrained_random,operational_dynamic,0.148631,11,0.006174,0.003496,0.451896,0,0,8,True,reports/v31_switch_limited_operational_eval/no_warmup_hguard_seed42/v2_custom_ppo_metrics.csv,reports/v31_split_protocol_no_warmup_hguard_reduced/raw/budget1p70_seed42
switch_limited_replay,operational_replay,1.700000,42,random,random,0.149006,12,0.006549,0.003872,0.423327,0,0,8,True,reports/v31_switch_limited_operational_eval/no_warmup_hguard_seed42/v2_custom_ppo_metrics.csv,reports/v31_split_protocol_no_warmup_hguard_reduced/raw/budget1p70_seed42
switch_limited_replay,operational_replay,1.700000,42,dwell6_round_robin,operational_dynamic,0.156069,13,0.013612,0.010934,0.046598,0,0,8,True,reports/v31_switch_limited_operational_eval/no_warmup_hguard_seed42/v2_custom_ppo_metrics.csv,reports/v31_split_protocol_no_warmup_hguard_reduced/raw/budget1p70_seed42
switch_limited_replay,operational_replay,1.700000,42,dwell6_random,operational_dynamic,0.156951,14,0.014494,0.011816,0.081760,0,0,8,True,reports/v31_switch_limited_operational_eval/no_warmup_hguard_seed42/v2_custom_ppo_metrics.csv,reports/v31_split_protocol_no_warmup_hguard_reduced/raw/budget1p70_seed42
switch_limited_replay,operational_replay,1.700000,42,dwell6_aoi,operational_dynamic,0.157534,15,0.015077,0.012400,0.111021,0,0,8,True,reports/v31_switch_limited_operational_eval/no_warmup_hguard_seed42/v2_custom_ppo_metrics.csv,reports/v31_split_protocol_no_warmup_hguard_reduced/raw/budget1p70_seed42
switch_limited_replay,operational_replay,1.700000,42,dwell12_round_robin,operational_dynamic,0.159518,16,0.017061,0.014383,0.023441,0,0,8,True,reports/v31_switch_limited_operational_eval/no_warmup_hguard_seed42/v2_custom_ppo_metrics.csv,reports/v31_split_protocol_no_warmup_hguard_reduced/raw/budget1p70_seed42
switch_limited_replay,operational_replay,1.700000,42,duty_dwell6_aoi,operational_dynamic,0.159977,17,0.017520,0.014842,0.111875,0,0,8,True,reports/v31_switch_limited_operational_eval/no_warmup_hguard_seed42/v2_custom_ppo_metrics.csv,reports/v31_split_protocol_no_warmup_hguard_reduced/raw/budget1p70_seed42
switch_limited_replay,operational_replay,1.700000,42,duty_dwell6_random,operational_dynamic,0.160029,18,0.017572,0.014894,0.082655,0,0,8,True,reports/v31_switch_limited_operational_eval/no_warmup_hguard_seed42/v2_custom_ppo_metrics.csv,reports/v31_split_protocol_no_warmup_hguard_reduced/raw/budget1p70_seed42
switch_limited_replay,operational_replay,1.700000,42,duty_dwell6_round_robin,operational_dynamic,0.160681,19,0.018224,0.015547,0.082004,0,0,8,True,reports/v31_switch_limited_operational_eval/no_warmup_hguard_seed42/v2_custom_ppo_metrics.csv,reports/v31_split_protocol_no_warmup_hguard_reduced/raw/budget1p70_seed42
switch_limited_replay,operational_replay,1.700000,42,duty_dwell12_random,operational_dynamic,0.164040,20,0.021583,0.018905,0.042365,0,0,8,True,reports/v31_switch_limited_operational_eval/no_warmup_hguard_seed42/v2_custom_ppo_metrics.csv,reports/v31_split_protocol_no_warmup_hguard_reduced/raw/budget1p70_seed42
switch_limited_replay,operational_replay,1.700000,42,duty_dwell12_aoi,operational_dynamic,0.164352,21,0.021895,0.019218,0.057057,0,0,8,True,reports/v31_switch_limited_operational_eval/no_warmup_hguard_seed42/v2_custom_ppo_metrics.csv,reports/v31_split_protocol_no_warmup_hguard_reduced/raw/budget1p70_seed42
switch_limited_replay,operational_replay,1.700000,42,dwell12_random,operational_dynamic,0.167579,22,0.025122,0.022445,0.041470,0,0,8,True,reports/v31_switch_limited_operational_eval/no_warmup_hguard_seed42/v2_custom_ppo_metrics.csv,reports/v31_split_protocol_no_warmup_hguard_reduced/raw/budget1p70_seed42
switch_limited_replay,operational_replay,1.700000,42,duty_dwell12_round_robin,operational_dynamic,0.167720,23,0.025263,0.022586,0.042894,0,0,8,True,reports/v31_switch_limited_operational_eval/no_warmup_hguard_seed42/v2_custom_ppo_metrics.csv,reports/v31_split_protocol_no_warmup_hguard_reduced/raw/budget1p70_seed42
switch_limited_replay,operational_replay,1.700000,42,dwell12_aoi,operational_dynamic,0.169551,24,0.027094,0.024417,0.055632,0,0,8,True,reports/v31_switch_limited_operational_eval/no_warmup_hguard_seed42/v2_custom_ppo_metrics.csv,reports/v31_split_protocol_no_warmup_hguard_reduced/raw/budget1p70_seed42
